name,description,price,stock,category,image_url,is_featured
MSR Hubba Hubba NX 2-Person Tent,"Three-season backpacking tent, 3.4 lb minimum weight.",495,11,Sports,"https://loremflickr.com/600/600/tent,camping/all?lock=452",false
Moroccanoil Treatment (Refurbished),"Argan oil-infused hair treatment, smoothes and shines. Certified refurbished — same warranty, lower price.",39,39,Beauty,"https://loremflickr.com/600/600/moroccanoil,haircare/all?lock=477",false
Apple iPad Pro 13 Bundle,"M4 chip, 13-inch Ultra Retina XDR Tandem OLED, 5G optional. Comes with extra accessories and extended care.",1762,52,Tablets,"https://loremflickr.com/600/600/ipad,pro,tablet/all?lock=96",false
Fujifilm X-T5,"40MP X-Trans, classic dials, 6.2K video, in-body stabilization.",1940,27,Cameras,"https://loremflickr.com/600/600/fujifilm,camera,mirrorless/all?lock=169",false
Drunk Elephant C-Firma Day Serum,Vitamin C complex serum with ferulic acid.,86,37,Beauty,"https://loremflickr.com/600/600/serum,skincare/all?lock=471",false
Schwinn IC4 Indoor Cycle Bundle,Magnetic resistance indoor bike with dual-sided pedals. Comes with extra accessories and extended care.,1113,54,Sports,"https://loremflickr.com/600/600/schwinn,bike,fitness/all?lock=440",false
Sapiens by Yuval Noah Harari Bundle,"A brief history of humankind, from the Stone Age to AI. Comes with extra accessories and extended care.",24,25,Books,"https://loremflickr.com/600/600/book,history/all?lock=501",false
Google Nest Hub 2nd Gen,"Sleep sensing, ambient EQ, hands-free Google Assistant.",90,44,Smart Home,"https://loremflickr.com/600/600/googlenest,smarthome/all?lock=246",true
Nespresso Vertuo Plus Bundle,"Single-touch brewer, five cup sizes, Centrifusion tech. Comes with extra accessories and extended care.",226,52,Home & Kitchen,"https://loremflickr.com/600/600/nespresso,coffee,kitchen/all?lock=397",false
Peloton Bike+ (Refurbished),"Rotating HD touchscreen, auto-resistance, Apple GymKit. Certified refurbished — same warranty, lower price.",2223,8,Sports,"https://loremflickr.com/600/600/peloton,bike,fitness/all?lock=437",false
Apple MacBook Air 13,"Apple Silicon M2, 8GB RAM, 256GB SSD, 13.6-inch Liquid Retina display.",1164,2,Laptops,"https://loremflickr.com/600/600/macbook,air,laptop/all?lock=1",false
Quilted Puffer Jacket (Refurbished),"650-fill power down, water-resistant shell, packable. Certified refurbished — same warranty, lower price.",117,12,Outerwear,"https://loremflickr.com/600/600/puffer,jacket,winter/all?lock=308",false
Microsoft Xbox Series X (Refurbished),"12 TFLOPS, true 4K gaming, Quick Resume. Certified refurbished — same warranty, lower price.",361,51,Gaming,"https://loremflickr.com/600/600/xbox,console,gaming/all?lock=187",false
Fujifilm X100V,Beloved compact with fixed 23mm f/2 lens and hybrid viewfinder.,1553,4,Cameras,"https://loremflickr.com/600/600/fujifilm,camera/all?lock=172",false
Leather Bifold Wallet,"Full-grain leather, six card slots, slim profile.",66,2,Fashion Accessories,"https://loremflickr.com/600/600/wallet,leather/all?lock=370",false
Logitech Brio 4K Webcam,4K Ultra HD webcam with HDR and 5x zoom.,177,23,Accessories,"https://loremflickr.com/600/600/logitech,webcam/all?lock=237",false
Stanley Quencher 40oz,Insulated tumbler with handle and reusable straw.,49,46,Home & Kitchen,"https://loremflickr.com/600/600/stanley,tumbler,drinkware/all?lock=409",false
Tomorrow and Tomorrow and Tomorrow,"A novel about friendship, art, and video games.",19,9,Books,"https://loremflickr.com/600/600/book,fiction/all?lock=513",false
Apple Magic Mouse (Refurbished),"Multi-touch surface, rechargeable, USB-C. Certified refurbished — same warranty, lower price.",70,24,Accessories,"https://loremflickr.com/600/600/apple,mouse/all?lock=213",false
Hawaiian Camp Shirt,"Open camp collar, tropical print, lightweight rayon.",51,3,Shirts,"https://loremflickr.com/600/600/hawaiian,shirt,menswear/all?lock=279",false
DJI Osmo Action 4,"1/1.3-inch sensor, magnetic quick-release, 4K 120p.",369,21,Cameras,"https://loremflickr.com/600/600/dji,action,camera/all?lock=175",false
Le Creuset Dutch Oven 5.5qt,"Enameled cast iron, even heat retention, lifetime warranty.",461,28,Home & Kitchen,"https://loremflickr.com/600/600/lecreuset,dutchoven,kitchen/all?lock=401",false
La Roche-Posay Anthelios SPF60,"Daily face sunscreen, Cell-Ox Shield UV protection.",31,24,Beauty,"https://loremflickr.com/600/600/sunscreen,skincare/all?lock=467",false
Manscaped Lawn Mower 4.0,"SkinSafe trimmer head, LED spotlight, waterproof.",87,164,Beauty,"https://loremflickr.com/600/600/manscaped,grooming/all?lock=488",false
Nike Dunk Low,Heritage hoops style with low-cut padded collar.,109,12,Footwear,"https://loremflickr.com/600/600/nike,dunk,sneakers/all?lock=329",false
Dell XPS 15,"Core i7-13700H, RTX 4060, 15.6-inch 3.5K OLED, premium creator laptop.",2383,29,Laptops,"https://loremflickr.com/600/600/dell,xps15,laptop/all?lock=10",true
Samsung Galaxy S24 Ultra,"Snapdragon 8 Gen 3, 200MP camera, built-in S Pen, titanium frame.",1301,161,Phones,"https://loremflickr.com/600/600/samsung,galaxy,smartphone/all?lock=59",false
Sonos Era 300,"Spatial audio with Dolby Atmos, WiFi 6, Trueplay tuning.",530,4,Audio,"https://loremflickr.com/600/600/sonos,speaker/all?lock=129",false
Vitamix 5200 Blender Bundle,"Professional-grade blender, 64oz container, 7-year warranty. Comes with extra accessories and extended care.",616,18,Home & Kitchen,"https://loremflickr.com/600/600/vitamix,blender,kitchen/all?lock=387",false
Clean Code by Robert Martin Bundle,A handbook of agile software craftsmanship. Comes with extra accessories and extended care.,35,23,Books,"https://loremflickr.com/600/600/book,programming/all?lock=507",false
Apple MacBook Pro 16 (Refurbished),"M3 Max, 36GB RAM, 1TB SSD, 16-inch XDR display for pro workflows. Certified refurbished — same warranty, lower price.",2829,5,Laptops,"https://loremflickr.com/600/600/macbook,pro,laptop/all?lock=5",false
Ring Video Doorbell Pro 2,"Head-to-toe HD+ video, 3D motion detection.",263,47,Smart Home,"https://loremflickr.com/600/600/ring,doorbell,smarthome/all?lock=254",false
Dell Inspiron 15 (Refurbished),"Reliable everyday laptop with Core i5, 8GB RAM, 512GB SSD. Certified refurbished — same warranty, lower price.",549,17,Laptops,"https://loremflickr.com/600/600/dell,inspiron,laptop/all?lock=13",false
Selvedge Raw Denim Jeans (Refurbished),"14oz Japanese selvedge denim, button-fly, indigo dye. Certified refurbished — same warranty, lower price.",161,25,Pants,"https://loremflickr.com/600/600/denim,jeans/all?lock=287",false
Dell Inspiron 15,"Reliable everyday laptop with Core i5, 8GB RAM, 512GB SSD.",704,49,Laptops,"https://loremflickr.com/600/600/dell,inspiron,laptop/all?lock=11",false
Acer Predator Helios 16,"Hardcore gaming rig, Intel Core i9, RTX 4080, mini-LED 250Hz display.",1712,16,Laptops,"https://loremflickr.com/600/600/acer,predator,gaming,laptop/all?lock=38",true
Google Nest Mini,Compact smart speaker with 360-degree sound.,39,46,Smart Home,"https://loremflickr.com/600/600/googlenest,smarthome/all?lock=249",false
Performance Workout Tee,"Moisture-wicking, four-way stretch, anti-odor finish.",42,48,Shirts,"https://loremflickr.com/600/600/athletic,tshirt,sportswear/all?lock=274",false
Crocs Classic Clog (Refurbished),"Lightweight Croslite clog, ventilation ports, pivoting strap. Certified refurbished — same warranty, lower price.",42,11,Footwear,"https://loremflickr.com/600/600/crocs,clog/all?lock=368",false
Wool Topcoat,"Wool-cashmere blend, knee-length, single-breasted notch lapel.",249,0,Outerwear,"https://loremflickr.com/600/600/topcoat,coat,menswear/all?lock=309",false
Nintendo Switch OLED Bundle,"7-inch vibrant OLED screen, enhanced audio, 64GB storage. Comes with extra accessories and extended care.",416,16,Gaming,"https://loremflickr.com/600/600/nintendo,switch,console/all?lock=193",false
Aviator Sunglasses,"Metal frame, polarized lenses, UV400 protection.",154,20,Fashion Accessories,"https://loremflickr.com/600/600/aviator,sunglasses/all?lock=375",false
LEGO Technic Bugatti Chiron,"Premium 3,599-piece supercar build with working gearbox.",357,48,Toys,"https://loremflickr.com/600/600/lego,technic,toy/all?lock=525",false
Google Nest Hub 2nd Gen (Refurbished),"Sleep sensing, ambient EQ, hands-free Google Assistant. Certified refurbished — same warranty, lower price.",70,40,Smart Home,"https://loremflickr.com/600/600/googlenest,smarthome/all?lock=247",false
Garmin Fenix 7 Bundle,"Premium multisport GPS watch, solar charging, MIP display. Comes with extra accessories and extended care.",974,32,Wearables,"https://loremflickr.com/600/600/garmin,watch,fitness/all?lock=147",false
Apple Watch Series 9,"S9 SiP, Double Tap gesture, always-on Retina display.",494,40,Wearables,"https://loremflickr.com/600/600/apple,watch,smartwatch/all?lock=135",true
Vans Old Skool,Iconic side-stripe canvas/suede skate shoe.,83,197,Footwear,"https://loremflickr.com/600/600/vans,oldskool,sneakers/all?lock=344",false
CalDigit TS4 Thunderbolt 4 Dock,18-port Thunderbolt 4 dock for pro workflows.,428,3,Accessories,"https://loremflickr.com/600/600/thunderbolt,dock,usb/all?lock=227",false
Sonos Era 300 Bundle,"Spatial audio with Dolby Atmos, WiFi 6, Trueplay tuning. Comes with extra accessories and extended care.",609,3,Audio,"https://loremflickr.com/600/600/sonos,speaker/all?lock=131",false
Canon EOS R50,Compact APS-C mirrorless for content creators.,809,145,Cameras,"https://loremflickr.com/600/600/canon,camera,mirrorless/all?lock=164",false
Sony WF-1000XM5,"Integrated Processor V2, best-in-class ANC, AI noise reduction calls.",258,3,Audio,"https://loremflickr.com/600/600/sony,earbuds/all?lock=115",false
Clean Code by Robert Martin (Refurbished),"A handbook of agile software craftsmanship. Certified refurbished — same warranty, lower price.",24,16,Books,"https://loremflickr.com/600/600/book,programming/all?lock=508",false
Sennheiser Momentum 4 (Refurbished),"60-hour battery, Adaptive Noise Cancellation, audiophile sound. Certified refurbished — same warranty, lower price.",251,34,Audio,"https://loremflickr.com/600/600/sennheiser,headphones/all?lock=121",false
Apple Watch Series 9 Bundle,"S9 SiP, Double Tap gesture, always-on Retina display. Comes with extra accessories and extended care.",568,53,Wearables,"https://loremflickr.com/600/600/apple,watch,smartwatch/all?lock=136",false
Barbie Dreamhouse Bundle,Three-story Dreamhouse with elevator and pool. Comes with extra accessories and extended care.,292,9,Toys,"https://loremflickr.com/600/600/barbie,dollhouse,toy/all?lock=542",false
Sony PlayStation 5 Slim Bundle,"Slimmer redesign, detachable disc drive, 1TB SSD. Comes with extra accessories and extended care.",548,2,Gaming,"https://loremflickr.com/600/600/playstation,ps5,console/all?lock=183",false
DJI Mini 4 Pro (Refurbished),"Sub-249g drone with omnidirectional obstacle sensing and 4K HDR. Certified refurbished — same warranty, lower price.",694,26,Cameras,"https://loremflickr.com/600/600/dji,drone/all?lock=178",false
MSI Stealth 14 Studio,"Creator/gaming hybrid, RTX 4060, 14-inch QHD+ 240Hz.",1903,172,Laptops,"https://loremflickr.com/600/600/msi,gaming,laptop/all?lock=43",false
Google Pixel 8 Pro,"Tensor G3, 6.7-inch Super Actua display, computational photography.",948,7,Phones,"https://loremflickr.com/600/600/pixel,google,smartphone/all?lock=67",false
DJI Mini 4 Pro,Sub-249g drone with omnidirectional obstacle sensing and 4K HDR.,891,55,Cameras,"https://loremflickr.com/600/600/dji,drone/all?lock=177",false
New Balance 530 Bundle,Retro 2000s runner returning with vintage colorways. Comes with extra accessories and extended care.,123,41,Footwear,"https://loremflickr.com/600/600/newbalance,530,sneakers/all?lock=340",false
The Pragmatic Programmer,"Your journey to mastery, 20th anniversary edition.",31,85,Books,"https://loremflickr.com/600/600/book,programming/all?lock=504",false
Dr Martens 1460 Boots (Refurbished),"Iconic 8-eye lace-up leather boot with air-cushion sole. Certified refurbished — same warranty, lower price.",150,39,Footwear,"https://loremflickr.com/600/600/docmartens,boots/all?lock=357",false
Ticket to Ride Board Game Bundle,Cross-country train adventure for 2-5 players. Comes with extra accessories and extended care.,64,47,Toys,https://loremflickr.com/600/600/boardgame/all?lock=533,false
Bomber Jacket (Refurbished),"MA-1 style satin bomber, ribbed cuffs and hem, water-repellent. Certified refurbished — same warranty, lower price.",117,35,Outerwear,"https://loremflickr.com/600/600/bomber,jacket/all?lock=326",false
Samsung Galaxy S24 Ultra Bundle,"Snapdragon 8 Gen 3, 200MP camera, built-in S Pen, titanium frame. Comes with extra accessories and extended care.",1496,27,Phones,"https://loremflickr.com/600/600/samsung,galaxy,smartphone/all?lock=60",false
Ticket to Ride Board Game (Refurbished),"Cross-country train adventure for 2-5 players. Certified refurbished — same warranty, lower price.",43,24,Toys,https://loremflickr.com/600/600/boardgame/all?lock=532,false
Leather Belt,"Full-grain bridle leather, brass buckle, made to last.",82,12,Fashion Accessories,"https://loremflickr.com/600/600/leatherbelt,belt/all?lock=383",false
Aviator Sunglasses Bundle,"Metal frame, polarized lenses, UV400 protection. Comes with extra accessories and extended care.",177,42,Fashion Accessories,"https://loremflickr.com/600/600/aviator,sunglasses/all?lock=376",false
Dr Martens 1460 Boots Bundle,Iconic 8-eye lace-up leather boot with air-cushion sole. Comes with extra accessories and extended care.,221,22,Footwear,"https://loremflickr.com/600/600/docmartens,boots/all?lock=358",false
Microsoft Xbox Series X,"12 TFLOPS, true 4K gaming, Quick Resume.",463,183,Gaming,"https://loremflickr.com/600/600/xbox,console,gaming/all?lock=185",false
Philips Norelco 9000 Shaver,"V-Track Pro blades, contour-detect heads, wet/dry.",242,168,Beauty,"https://loremflickr.com/600/600/shaver,grooming/all?lock=482",false
HP Omen 16,"Gaming powerhouse with RTX 4080, 16-inch 240Hz panel, RGB keyboard.",1888,15,Laptops,"https://loremflickr.com/600/600/hp,omen,gaming,laptop/all?lock=29",false
MSR Hubba Hubba NX 2-Person Tent Bundle,"Three-season backpacking tent, 3.4 lb minimum weight. Comes with extra accessories and extended care.",569,60,Sports,"https://loremflickr.com/600/600/tent,camping/all?lock=453",false
Down Parka (Refurbished),"Heavy-duty parka with faux-fur hood, tested to -20F. Certified refurbished — same warranty, lower price.",276,49,Outerwear,"https://loremflickr.com/600/600/parka,winter,jacket/all?lock=322",false
Nike Strike Soccer Ball (Refurbished),"Aerowsculpt grooves for true flight, machine-stitched. Certified refurbished — same warranty, lower price.",24,51,Sports,"https://loremflickr.com/600/600/soccer,sports/all?lock=446",false
Theragun Pro 5th Gen Bundle,Pro-grade percussive therapy device with QX150 motor. Comes with extra accessories and extended care.,709,19,Sports,"https://loremflickr.com/600/600/theragun,massage,fitness/all?lock=461",false
Hydration Backpack 2L,"Lightweight pack with 2L bladder, trail-ready.",86,11,Sports,"https://loremflickr.com/600/600/hydrationpack,hiking/all?lock=448",false
Concept2 RowErg Bundle,"Gold-standard indoor rower, PM5 monitor. Comes with extra accessories and extended care.",1104,42,Sports,"https://loremflickr.com/600/600/rowing,rower,fitness/all?lock=434",false
LG Gram 17,"Lightest 17-inch laptop at under 3 lbs, all-day battery, Core i7.",1532,29,Laptops,"https://loremflickr.com/600/600/lg,gram,laptop/all?lock=47",false
Hydro Flask 32oz,"Vacuum-insulated stainless steel, TempShield.",45,13,Home & Kitchen,"https://loremflickr.com/600/600/hydroflask,waterbottle/all?lock=412",false
Adidas Samba OG,"Heritage indoor soccer shoe, gum sole, T-toe overlay.",126,101,Footwear,"https://loremflickr.com/600/600/adidas,samba,sneakers/all?lock=331",false
Field Jacket (Refurbished),"Waxed cotton field coat with four utility pockets. Certified refurbished — same warranty, lower price.",148,59,Outerwear,"https://loremflickr.com/600/600/fieldjacket,jacket/all?lock=320",false
Asics Gel-Kayano 30,Premium stability runner with FF Blast Plus cushioning.,182,0,Footwear,"https://loremflickr.com/600/600/asics,running,sneakers/all?lock=345",false
Codenames Card Game,Award-winning party game of clue-giving deduction.,18,197,Toys,"https://loremflickr.com/600/600/boardgame,cards/all?lock=534",true
Yeti Tundra 45 Cooler (Refurbished),"Rotomolded ice chest, bear-resistant, lifetime construction. Certified refurbished — same warranty, lower price.",269,12,Sports,"https://loremflickr.com/600/600/yeti,cooler,outdoor/all?lock=459",false
Theragun Pro 5th Gen,Pro-grade percussive therapy device with QX150 motor.,617,29,Sports,"https://loremflickr.com/600/600/theragun,massage,fitness/all?lock=460",false
Premium Polo Shirt,"Pique knit cotton, mother-of-pearl buttons, slim fit.",56,19,Shirts,"https://loremflickr.com/600/600/polo,shirt,menswear/all?lock=268",false
Brooks Ghost 16 (Refurbished),"Neutral cushion runner, DNA Loft v3, smooth heel-to-toe. Certified refurbished — same warranty, lower price.",113,42,Footwear,"https://loremflickr.com/600/600/brooks,running,sneakers/all?lock=349",false
Microsoft Xbox Series S Bundle,"All-digital next-gen console, 1440p performance. Comes with extra accessories and extended care.",346,42,Gaming,"https://loremflickr.com/600/600/xbox,console,gaming/all?lock=189",false
Garmin Fenix 7,"Premium multisport GPS watch, solar charging, MIP display.",847,24,Wearables,"https://loremflickr.com/600/600/garmin,watch,fitness/all?lock=145",false
Lenovo Legion Pro 5 Bundle,"Gaming laptop with Ryzen 7, RTX 4070, 16-inch 240Hz QHD display. Comes with extra accessories and extended care.",1699,6,Laptops,"https://loremflickr.com/600/600/lenovo,legion,gaming,laptop/all?lock=19",false
Whoop 4.0 Bundle,"Recovery-focused band, continuous biometric monitoring. Comes with extra accessories and extended care.",318,3,Wearables,"https://loremflickr.com/600/600/whoop,tracker,fitness/all?lock=153",false
Razer Kiyo Pro Ultra (Refurbished),"Largest 4K Sony sensor for webcam, ultra-wide aperture. Certified refurbished — same warranty, lower price.",205,6,Accessories,"https://loremflickr.com/600/600/razer,webcam/all?lock=240",false
Sony Xperia 1 V Bundle,"Pro-grade camera, 6.5-inch 4K OLED, Snapdragon 8 Gen 2. Comes with extra accessories and extended care.",1642,15,Phones,"https://loremflickr.com/600/600/sony,xperia,smartphone/all?lock=85",false
Moroccanoil Treatment Bundle,"Argan oil-infused hair treatment, smoothes and shines. Comes with extra accessories and extended care.",58,34,Beauty,"https://loremflickr.com/600/600/moroccanoil,haircare/all?lock=476",false
Anker 737 Power Bank (Refurbished),"24,000mAh, 140W USB-C PD, smart display. Certified refurbished — same warranty, lower price.",102,23,Accessories,"https://loremflickr.com/600/600/anker,powerbank/all?lock=222",false
Philips Hue Light Strip Plus,"80-inch dimmable color light strip, extensible.",89,32,Smart Home,"https://loremflickr.com/600/600/philips,hue,smartlight/all?lock=251",false
All-Clad D3 10-Piece Set,"Tri-ply stainless steel cookware, made in USA.",1088,185,Home & Kitchen,"https://loremflickr.com/600/600/allclad,cookware,kitchen/all?lock=405",false
Apple Watch SE,Essential Apple Watch experience at a great value.,310,3,Wearables,"https://loremflickr.com/600/600/apple,watch,smartwatch/all?lock=140",false
Stanley Quencher 40oz (Refurbished),"Insulated tumbler with handle and reusable straw. Certified refurbished — same warranty, lower price.",38,44,Home & Kitchen,"https://loremflickr.com/600/600/stanley,tumbler,drinkware/all?lock=410",false
Canvas Backpack,"Heavy-duty canvas, padded laptop sleeve, 22L capacity.",109,3,Fashion Accessories,"https://loremflickr.com/600/600/backpack,bag/all?lock=372",false
Salomon XT-6,Trail-running heritage shoe with Quicklace and Contagrip.,200,19,Footwear,"https://loremflickr.com/600/600/salomon,trailrunning,sneakers/all?lock=353",false
Coleman Sundome 4-Person Tent (Refurbished),"Easy-setup family camping tent with weatherproof flooring. Certified refurbished — same warranty, lower price.",79,21,Sports,"https://loremflickr.com/600/600/tent,camping/all?lock=455",false
Sonos Era 300 (Refurbished),"Spatial audio with Dolby Atmos, WiFi 6, Trueplay tuning. Certified refurbished — same warranty, lower price.",413,7,Audio,"https://loremflickr.com/600/600/sonos,speaker/all?lock=130",false
Jo Malone English Pear 100ml,Crisp pear and freesia eau de cologne.,187,13,Beauty,"https://loremflickr.com/600/600/jomalone,perfume/all?lock=491",false
HP EliteBook 840 G10 (Refurbished),"Business-class laptop with vPro, 14-inch IPS, fingerprint reader. Certified refurbished — same warranty, lower price.",1269,45,Laptops,"https://loremflickr.com/600/600/hp,elitebook,laptop/all?lock=28",false
"Lodge Cast Iron Skillet 12""","Pre-seasoned, made in USA, virtually indestructible.",49,48,Home & Kitchen,"https://loremflickr.com/600/600/castiron,skillet,kitchen/all?lock=403",false
Razer Kiyo Pro Ultra,"Largest 4K Sony sensor for webcam, ultra-wide aperture.",264,21,Accessories,"https://loremflickr.com/600/600/razer,webcam/all?lock=239",false
Apple iPhone 15 (Refurbished),"6.1-inch Super Retina XDR, A16 Bionic, USB-C, Dynamic Island. Certified refurbished — same warranty, lower price.",774,3,Phones,"https://loremflickr.com/600/600/iphone,apple,smartphone/all?lock=52",false
Birkenstock Arizona Sandals (Refurbished),"Two-strap cork footbed sandal, adjustable buckles. Certified refurbished — same warranty, lower price.",102,22,Footwear,"https://loremflickr.com/600/600/birkenstock,sandals/all?lock=366",false
Samsung T7 Shield 2TB SSD Bundle,"Rugged USB 3.2 Gen 2 portable SSD, IP65, 1,050 MB/s. Comes with extra accessories and extended care.",259,25,Accessories,"https://loremflickr.com/600/600/samsung,ssd,drive/all?lock=229",false
Nintendo Switch OLED,"7-inch vibrant OLED screen, enhanced audio, 64GB storage.",362,4,Gaming,"https://loremflickr.com/600/600/nintendo,switch,console/all?lock=191",false
OnePlus 12 (Refurbished),"Snapdragon 8 Gen 3, 100W charging, 6.82-inch LTPO AMOLED. Certified refurbished — same warranty, lower price.",657,37,Phones,"https://loremflickr.com/600/600/oneplus,smartphone,android/all?lock=76",false
Track Pants,Tricot track pants with side stripes and zip ankles.,71,2,Pants,"https://loremflickr.com/600/600/trackpants,pants,athletic/all?lock=303",false
Bose SoundLink Revolve+ II Bundle,"360-degree sound, water-resistant, deep bass and clear highs. Comes with extra accessories and extended care.",431,55,Audio,"https://loremflickr.com/600/600/bose,speaker/all?lock=128",false
Nerf Elite 2.0 Commander RD-6,Six-dart rotating drum blaster with tactical rail.,25,7,Toys,"https://loremflickr.com/600/600/nerf,toy/all?lock=539",false
Marshall Stanmore III (Refurbished),"Iconic Marshall sound, Bluetooth 5.2, classic brass details. Certified refurbished — same warranty, lower price.",276,42,Audio,"https://loremflickr.com/600/600/marshall,speaker/all?lock=133",false
Canon EOS R6 Mark II (Refurbished),"24MP full-frame, 40fps burst, 6K oversampled 4K. Certified refurbished — same warranty, lower price.",2058,19,Cameras,"https://loremflickr.com/600/600/canon,camera,mirrorless/all?lock=162",false
Lessons in Chemistry,A bestselling debut novel about a 1960s chemist turned TV cook.,19,160,Books,"https://loremflickr.com/600/600/book,fiction/all?lock=514",false
Leather Biker Jacket,"Full-grain lambskin, asymmetric zipper, quilted lining.",328,6,Outerwear,"https://loremflickr.com/600/600/leatherjacket,jacket/all?lock=310",false
Apple AirPods 4 (Refurbished),"H2 chip, redesigned fit, optional ANC, Personalized Spatial Audio. Certified refurbished — same warranty, lower price.",101,44,Audio,"https://loremflickr.com/600/600/airpods,earbuds/all?lock=110",false
Nikon Z8,"45MP stacked sensor, 8K 60p RAW, blackout-free shooting.",4069,62,Cameras,"https://loremflickr.com/600/600/nikon,camera,mirrorless/all?lock=168",false
HP EliteBook 840 G10 Bundle,"Business-class laptop with vPro, 14-inch IPS, fingerprint reader. Comes with extra accessories and extended care.",1872,24,Laptops,"https://loremflickr.com/600/600/hp,elitebook,laptop/all?lock=27",false
Crocs Classic Clog,"Lightweight Croslite clog, ventilation ports, pivoting strap.",55,92,Footwear,"https://loremflickr.com/600/600/crocs,clog/all?lock=367",false
Hyperice Hypervolt 2 (Refurbished),"Bluetooth-enabled percussion massager, 5 speeds. Certified refurbished — same warranty, lower price.",233,11,Sports,"https://loremflickr.com/600/600/hypervolt,massage,fitness/all?lock=464",false
Sennheiser Momentum 4 Bundle,"60-hour battery, Adaptive Noise Cancellation, audiophile sound. Comes with extra accessories and extended care.",370,51,Audio,"https://loremflickr.com/600/600/sennheiser,headphones/all?lock=122",false
Rogue Kettlebell 35lb,"Cast iron kettlebell with smooth handle, color-coded.",106,4,Sports,"https://loremflickr.com/600/600/kettlebell,fitness/all?lock=432",false
Apple iPhone 15 Pro Bundle,"Titanium frame, A17 Pro, ProMotion display, triple-lens 48MP camera. Comes with extra accessories and extended care.",1156,53,Phones,"https://loremflickr.com/600/600/iphone,pro,smartphone/all?lock=54",false
Funko Pop Marvel Spider-Man (Refurbished),"Bobblehead vinyl figure, 3.75 inches tall. Certified refurbished — same warranty, lower price.",11,27,Toys,"https://loremflickr.com/600/600/funko,pop,marvel/all?lock=550",false
Pleated Wide-Leg Trouser,"Vintage-inspired pleats, wide leg, flowy drape.",92,45,Pants,"https://loremflickr.com/600/600/trousers,pants/all?lock=302",true
Hot Wheels Track Builder Bundle,Modular track set with stunt ramps and loops. Comes with extra accessories and extended care.,41,46,Toys,"https://loremflickr.com/600/600/hotwheels,toy/all?lock=538",false
Jo Malone English Pear 100ml Bundle,Crisp pear and freesia eau de cologne. Comes with extra accessories and extended care.,215,30,Beauty,"https://loremflickr.com/600/600/jomalone,perfume/all?lock=493",false
Philips Norelco 9000 Shaver Bundle,"V-Track Pro blades, contour-detect heads, wet/dry. Comes with extra accessories and extended care.",278,35,Beauty,"https://loremflickr.com/600/600/shaver,grooming/all?lock=484",false
Quilted Puffer Jacket,"650-fill power down, water-resistant shell, packable.",150,193,Outerwear,"https://loremflickr.com/600/600/puffer,jacket,winter/all?lock=306",false
Salomon XT-6 (Refurbished),"Trail-running heritage shoe with Quicklace and Contagrip. Certified refurbished — same warranty, lower price.",156,58,Footwear,"https://loremflickr.com/600/600/salomon,trailrunning,sneakers/all?lock=354",false
New Balance 530 (Refurbished),"Retro 2000s runner returning with vintage colorways. Certified refurbished — same warranty, lower price.",83,49,Footwear,"https://loremflickr.com/600/600/newbalance,530,sneakers/all?lock=341",false
The Ordinary Niacinamide 10% (Refurbished),"Reduces appearance of blemishes and congestion. Certified refurbished — same warranty, lower price.",6,7,Beauty,"https://loremflickr.com/600/600/serum,skincare/all?lock=470",false
Asus ROG Zephyrus G14 (Refurbished),"Compact 14-inch gaming laptop, Ryzen 9, RTX 4070, AniMe Matrix lid. Certified refurbished — same warranty, lower price.",1698,59,Laptops,"https://loremflickr.com/600/600/asus,rog,gaming,laptop/all?lock=33",false
Google Pixel 8,"Best-in-class camera, Tensor G3, 7 years of OS updates.",632,28,Phones,"https://loremflickr.com/600/600/pixel,google,smartphone/all?lock=70",false
Flannel Plaid Shirt (Refurbished),"Brushed flannel, classic plaid, button-front, two chest pockets. Certified refurbished — same warranty, lower price.",49,9,Shirts,"https://loremflickr.com/600/600/flannel,shirt,menswear/all?lock=271",false
HP Pavilion 15,"Everyday laptop, Ryzen 5, 8GB RAM, 256GB SSD, 15.6-inch FHD.",760,14,Laptops,"https://loremflickr.com/600/600/hp,pavilion,laptop/all?lock=24",false
Asus ROG Zephyrus G14 Bundle,"Compact 14-inch gaming laptop, Ryzen 9, RTX 4070, AniMe Matrix lid. Comes with extra accessories and extended care.",2504,57,Laptops,"https://loremflickr.com/600/600/asus,rog,gaming,laptop/all?lock=34",false
Keychron Q1 Pro (Refurbished),"Wireless QMK/VIA mechanical keyboard, hot-swap, aluminum. Certified refurbished — same warranty, lower price.",165,7,Gaming,"https://loremflickr.com/600/600/keychron,keyboard/all?lock=208",false
Microsoft Surface Pro 9,2-in-1 tablet/laptop with detachable keyboard and Surface Pen support.,1546,2,Laptops,"https://loremflickr.com/600/600/surface,tablet,laptop/all?lock=40",false
Track Pants Bundle,Tricot track pants with side stripes and zip ankles. Comes with extra accessories and extended care.,81,53,Pants,"https://loremflickr.com/600/600/trackpants,pants,athletic/all?lock=304",false
Hyperice Hypervolt 2 Bundle,"Bluetooth-enabled percussion massager, 5 speeds. Comes with extra accessories and extended care.",343,55,Sports,"https://loremflickr.com/600/600/hypervolt,massage,fitness/all?lock=463",false
iRobot Roomba j7+,"Self-emptying robot vacuum, obstacle recognition.",773,12,Home & Kitchen,"https://loremflickr.com/600/600/roomba,vacuum/all?lock=421",false
SanDisk Extreme Pro 1TB,"Pro-grade portable SSD, 2,000 MB/s read.",179,11,Accessories,"https://loremflickr.com/600/600/sandisk,ssd,drive/all?lock=230",false
Funko Pop Marvel Spider-Man Bundle,"Bobblehead vinyl figure, 3.75 inches tall. Comes with extra accessories and extended care.",17,54,Toys,"https://loremflickr.com/600/600/funko,pop,marvel/all?lock=549",false
Blue Yeti X,"Pro-level USB mic with 4-capsule array, LED meter.",183,20,Accessories,"https://loremflickr.com/600/600/blue,yeti,microphone/all?lock=234",false
Asus ROG Phone 8 (Refurbished),"Gaming phone with shoulder triggers, 165Hz AMOLED, AeroActive cooler. Certified refurbished — same warranty, lower price.",911,47,Phones,"https://loremflickr.com/600/600/asus,rog,gaming,phone/all?lock=89",false
Google Pixel 7a,Affordable Pixel with 64MP camera and wireless charging.,533,162,Phones,"https://loremflickr.com/600/600/pixel,android,smartphone/all?lock=73",false
Google Nest Hub 2nd Gen Bundle,"Sleep sensing, ambient EQ, hands-free Google Assistant. Comes with extra accessories and extended care.",103,18,Smart Home,"https://loremflickr.com/600/600/googlenest,smarthome/all?lock=248",false
Brooklinen Luxe Sheet Set,480-thread-count long-staple cotton sateen.,152,86,Home & Kitchen,"https://loremflickr.com/600/600/bedsheets,bedding/all?lock=414",false
Microsoft Xbox Series S (Refurbished),"All-digital next-gen console, 1440p performance. Certified refurbished — same warranty, lower price.",234,18,Gaming,"https://loremflickr.com/600/600/xbox,console,gaming/all?lock=190",false
Nike Air Force 1 '07,Iconic basketball sneaker reborn as everyday classic.,99,33,Footwear,"https://loremflickr.com/600/600/nike,airforce,sneakers/all?lock=327",false
Casper Original Pillow Bundle,Two-layer pillow-in-pillow for balanced support. Comes with extra accessories and extended care.,94,55,Home & Kitchen,"https://loremflickr.com/600/600/pillow,bedding/all?lock=416",false
Anker 737 GaNPrime Charger,120W 3-port USB-C wall charger.,139,117,Accessories,"https://loremflickr.com/600/600/anker,charger/all?lock=223",false
Apple AirPods 4,"H2 chip, redesigned fit, optional ANC, Personalized Spatial Audio.",130,41,Audio,"https://loremflickr.com/600/600/airpods,earbuds/all?lock=109",false
Schwinn IC4 Indoor Cycle (Refurbished),"Magnetic resistance indoor bike with dual-sided pedals. Certified refurbished — same warranty, lower price.",755,57,Sports,"https://loremflickr.com/600/600/schwinn,bike,fitness/all?lock=439",false
Adidas Ultraboost 24 Bundle,"Boost midsole, Primeknit upper, premium daily trainer. Comes with extra accessories and extended care.",220,8,Footwear,"https://loremflickr.com/600/600/adidas,ultraboost,running/all?lock=336",false
Dyson V15 Detect (Refurbished),"Laser-illuminated cordless vacuum, particle sensor. Certified refurbished — same warranty, lower price.",620,41,Home & Kitchen,"https://loremflickr.com/600/600/dyson,vacuum/all?lock=419",false
Amazon Echo Dot 5,"Improved sound, temperature sensor, eero mesh extender.",57,38,Smart Home,"https://loremflickr.com/600/600/echo,alexa,smarthome/all?lock=242",false
Brooks Ghost 16,"Neutral cushion runner, DNA Loft v3, smooth heel-to-toe.",146,78,Footwear,"https://loremflickr.com/600/600/brooks,running,sneakers/all?lock=348",false
Adidas Ultraboost 24,"Boost midsole, Primeknit upper, premium daily trainer.",192,2,Footwear,"https://loremflickr.com/600/600/adidas,ultraboost,running/all?lock=334",false
Motorola Edge 40,"Curved 6.55-inch pOLED, 144Hz, MediaTek Dimensity 8020.",620,89,Phones,"https://loremflickr.com/600/600/motorola,android,smartphone/all?lock=86",false
Patagonia Black Hole Duffel 55L,"Weather-resistant recycled fabric duffel, multiple carry options.",176,81,Sports,"https://loremflickr.com/600/600/patagonia,duffel,outdoor/all?lock=449",false
Apple iPad Air 11 (Refurbished),"M2 chip, 11-inch Liquid Retina, Apple Pencil Pro support. Certified refurbished — same warranty, lower price.",569,37,Tablets,"https://loremflickr.com/600/600/ipad,tablet,apple/all?lock=93",false
Stanley Quencher 40oz Bundle,Insulated tumbler with handle and reusable straw. Comes with extra accessories and extended care.,56,58,Home & Kitchen,"https://loremflickr.com/600/600/stanley,tumbler,drinkware/all?lock=411",false
Apple Magic Keyboard Bundle,"Scissor-mechanism keys, full-size, rechargeable. Comes with extra accessories and extended care.",128,7,Accessories,"https://loremflickr.com/600/600/apple,keyboard/all?lock=215",false
Dyson Airwrap Multi-Styler Bundle,"Curl, wave, smooth and dry without extreme heat. Comes with extra accessories and extended care.",771,57,Beauty,"https://loremflickr.com/600/600/dyson,hairstyler/all?lock=481",false
The Psychology of Money Bundle,"Timeless lessons on wealth, greed, and happiness. Comes with extra accessories and extended care.",23,8,Books,"https://loremflickr.com/600/600/book,finance/all?lock=497",false
Nike Air Max 90,"Visible air heel cushioning, iconic 90s silhouette.",131,43,Footwear,"https://loremflickr.com/600/600/nike,airmax,sneakers/all?lock=328",false
Samsung Galaxy Tab S9,"11-inch Dynamic AMOLED 2X, S Pen included, IP68 dust/water resistant.",868,33,Tablets,"https://loremflickr.com/600/600/samsung,tablet,android/all?lock=98",false
Apple iPad Air 11 Bundle,"M2 chip, 11-inch Liquid Retina, Apple Pencil Pro support. Comes with extra accessories and extended care.",839,23,Tablets,"https://loremflickr.com/600/600/ipad,tablet,apple/all?lock=92",false
Nerf Elite 2.0 Commander RD-6 (Refurbished),"Six-dart rotating drum blaster with tactical rail. Certified refurbished — same warranty, lower price.",19,24,Toys,"https://loremflickr.com/600/600/nerf,toy/all?lock=540",false
PlayStation VR2 (Refurbished),"4K HDR OLED, eye tracking, PlayStation 5 only. Certified refurbished — same warranty, lower price.",429,15,Gaming,"https://loremflickr.com/600/600/psvr,vr/all?lock=202",false
HP Spectre x360 14,"Premium convertible, Intel Core Ultra 7, OLED touchscreen, gem-cut chassis.",1654,35,Laptops,"https://loremflickr.com/600/600/hp,spectre,laptop/all?lock=23",false
Vitamix 5200 Blender (Refurbished),"Professional-grade blender, 64oz container, 7-year warranty. Certified refurbished — same warranty, lower price.",418,19,Home & Kitchen,"https://loremflickr.com/600/600/vitamix,blender,kitchen/all?lock=388",false
Logitech MX Keys S,"Backlit keys, Smart Actions automation, multi-device.",124,46,Accessories,"https://loremflickr.com/600/600/logitech,keyboard/all?lock=218",false
Allbirds Wool Runner (Refurbished),"Merino wool upper, sustainably made, machine washable. Certified refurbished — same warranty, lower price.",85,58,Footwear,"https://loremflickr.com/600/600/allbirds,wool,sneakers/all?lock=351",false
Catan Board Game,Award-winning strategy game for 3-4 players.,60,48,Toys,"https://loremflickr.com/600/600/boardgame,catan/all?lock=529",false
Lululemon Reversible Yoga Mat Bundle,5mm reversible mat with antimicrobial top layer. Comes with extra accessories and extended care.,108,24,Sports,"https://loremflickr.com/600/600/yogamat,yoga/all?lock=426",false
Xiaomi Pad 6 (Refurbished),"Snapdragon 870, 11-inch 144Hz IPS LCD, quad speakers. Certified refurbished — same warranty, lower price.",343,20,Tablets,"https://loremflickr.com/600/600/xiaomi,tablet,android/all?lock=106",false
Le Labo Santal 33 50ml,"Cult unisex sandalwood fragrance, hand-blended.",205,144,Beauty,"https://loremflickr.com/600/600/lelabo,perfume/all?lock=490",false
Ninja Foodi Air Fryer Bundle,8-quart dual-zone air fryer with smart cook system. Comes with extra accessories and extended care.,175,8,Home & Kitchen,"https://loremflickr.com/600/600/ninja,airfryer,kitchen/all?lock=390",false
Cashmere Scarf,"100% cashmere, soft and lightweight, classic fringe.",83,40,Fashion Accessories,"https://loremflickr.com/600/600/scarf,cashmere/all?lock=382",false
Lululemon Reversible Yoga Mat,5mm reversible mat with antimicrobial top layer.,94,19,Sports,"https://loremflickr.com/600/600/yogamat,yoga/all?lock=424",false
Samsung Galaxy Tab S9 (Refurbished),"11-inch Dynamic AMOLED 2X, S Pen included, IP68 dust/water resistant. Certified refurbished — same warranty, lower price.",677,19,Tablets,"https://loremflickr.com/600/600/samsung,tablet,android/all?lock=100",false
GoPro Hero 12 Black Bundle,"5.3K 60p, HyperSmooth 6.0, 10-bit color, waterproof to 33ft. Comes with extra accessories and extended care.",488,10,Cameras,"https://loremflickr.com/600/600/gopro,camera,action/all?lock=174",false
Google Nest Thermostat,Energy-saving smart thermostat with Soli sensor.,132,5,Smart Home,"https://loremflickr.com/600/600/googlenest,thermostat,smarthome/all?lock=260",false
Lenovo Legion Pro 5,"Gaming laptop with Ryzen 7, RTX 4070, 16-inch 240Hz QHD display.",1478,42,Laptops,"https://loremflickr.com/600/600/lenovo,legion,gaming,laptop/all?lock=18",false
Bose SoundLink Revolve+ II (Refurbished),"360-degree sound, water-resistant, deep bass and clear highs. Certified refurbished — same warranty, lower price.",292,54,Audio,"https://loremflickr.com/600/600/bose,speaker/all?lock=127",false
Samsung Galaxy A55 (Refurbished),"Mid-range hero, 6.6-inch Super AMOLED, 50MP OIS camera. Certified refurbished — same warranty, lower price.",444,29,Phones,"https://loremflickr.com/600/600/samsung,galaxy,android/all?lock=65",false
Oura Ring Gen 3 Bundle,"Sleep, readiness and activity tracking in a slim titanium ring. Comes with extra accessories and extended care.",389,26,Wearables,"https://loremflickr.com/600/600/oura,ring,fitness/all?lock=155",false
Apple AirPods Pro 2 (Refurbished),"Active Noise Cancellation, Adaptive Audio, USB-C charging case. Certified refurbished — same warranty, lower price.",177,2,Audio,"https://loremflickr.com/600/600/airpods,earbuds/all?lock=108",false
OnePlus Nord 4 (Refurbished),"Mid-range flagship, metal unibody, 100W SuperVOOC charging. Certified refurbished — same warranty, lower price.",322,50,Phones,"https://loremflickr.com/600/600/oneplus,nord,android/all?lock=78",false
Bose QuietComfort Ultra,"Immersive audio, world-class noise cancellation, plush memory foam.",410,8,Audio,"https://loremflickr.com/600/600/bose,headphones/all?lock=117",false
New Balance 990v6 (Refurbished),"Made in USA classic, ENCAP midsole, premium pigskin suede. Certified refurbished — same warranty, lower price.",161,24,Footwear,"https://loremflickr.com/600/600/newbalance,990,sneakers/all?lock=338",false
Eufy SoloCam S340,"Solar-powered 360-degree security cam, dual-lens 3K.",245,19,Smart Home,"https://loremflickr.com/600/600/eufy,camera,smarthome/all?lock=258",false
The Psychology of Money (Refurbished),"Timeless lessons on wealth, greed, and happiness. Certified refurbished — same warranty, lower price.",15,11,Books,"https://loremflickr.com/600/600/book,finance/all?lock=498",false
"Timberland 6"" Premium Boots","Waterproof nubuck, padded collar, signature wheat color.",232,191,Footwear,"https://loremflickr.com/600/600/timberland,boots/all?lock=359",false
LEGO Star Wars Millennium Falcon Bundle,"Iconic spaceship build, 1,353 pieces, age 9+. Comes with extra accessories and extended care.",220,13,Toys,"https://loremflickr.com/600/600/lego,starwars,toy/all?lock=523",false
Slim Fit Stretch Jeans Bundle,"10oz stretch denim, slim through thigh, tapered leg. Comes with extra accessories and extended care.",79,59,Pants,"https://loremflickr.com/600/600/jeans,denim,menswear/all?lock=284",false
Apple iPhone 14 Bundle,"A15 Bionic, dual-lens 12MP, Crash Detection and Emergency SOS. Comes with extra accessories and extended care.",902,26,Phones,"https://loremflickr.com/600/600/iphone,apple,smartphone/all?lock=58",false
Educated by Tara Westover,"A memoir about family, transformation, and the power of education.",18,32,Books,"https://loremflickr.com/600/600/book,memoir/all?lock=510",false
The Body Keeps the Score Bundle,"Brain, mind, and body in the healing of trauma. Comes with extra accessories and extended care.",17,42,Books,"https://loremflickr.com/600/600/book,psychology/all?lock=516",false
Olaplex No.3 Hair Perfector,Hair repair treatment for damaged and broken bonds.,34,40,Beauty,"https://loremflickr.com/600/600/olaplex,haircare/all?lock=474",false
Logitech MX Master 3S Bundle,"Ergonomic, 8K DPI, MagSpeed scroll wheel. Comes with extra accessories and extended care.",114,49,Accessories,"https://loremflickr.com/600/600/logitech,mouse/all?lock=217",false
Apple AirPods Max (Refurbished),"Over-ear, computational audio, premium stainless steel frame. Certified refurbished — same warranty, lower price.",454,23,Audio,"https://loremflickr.com/600/600/airpods,headphones/all?lock=113",false
Nike Strike Soccer Ball Bundle,"Aerowsculpt grooves for true flight, machine-stitched. Comes with extra accessories and extended care.",35,28,Sports,"https://loremflickr.com/600/600/soccer,sports/all?lock=447",false
Asus ROG Ally,Windows handheld with Ryzen Z1 Extreme and 120Hz display.,733,0,Gaming,"https://loremflickr.com/600/600/asus,rog,handheld,gaming/all?lock=196",false
UGREEN 9-in-1 USB-C Hub,"HDMI 4K, Ethernet, SD/microSD, 3x USB 3.0.",72,0,Accessories,"https://loremflickr.com/600/600/usb,hub,adapter/all?lock=225",false
Dyson V15 Detect,"Laser-illuminated cordless vacuum, particle sensor.",796,32,Home & Kitchen,"https://loremflickr.com/600/600/dyson,vacuum/all?lock=418",false
Designing Data-Intensive Apps,Martin Kleppmann's seminal work on modern data systems.,43,99,Books,"https://loremflickr.com/600/600/book,programming/all?lock=503",false
Moroccanoil Treatment,"Argan oil-infused hair treatment, smoothes and shines.",51,183,Beauty,"https://loremflickr.com/600/600/moroccanoil,haircare/all?lock=475",false
Pocket T-Shirt 3-Pack,Three essential tees with chest pockets in core colors.,54,4,Shirts,"https://loremflickr.com/600/600/tshirt,clothing/all?lock=277",false
Samsung Galaxy Tab S9 Bundle,"11-inch Dynamic AMOLED 2X, S Pen included, IP68 dust/water resistant. Comes with extra accessories and extended care.",998,7,Tablets,"https://loremflickr.com/600/600/samsung,tablet,android/all?lock=99",false
Black Skinny Jeans,"Power-stretch black denim, mid-rise, slim through leg.",67,0,Pants,"https://loremflickr.com/600/600/skinny,jeans,denim/all?lock=299",true
Bowflex SelectTech 552 Dumbbells,"Pair of adjustable dumbbells, 5-52.5 lbs each.",512,27,Sports,"https://loremflickr.com/600/600/dumbbells,fitness/all?lock=429",false
Apple iPhone 15,"6.1-inch Super Retina XDR, A16 Bionic, USB-C, Dynamic Island.",993,152,Phones,"https://loremflickr.com/600/600/iphone,apple,smartphone/all?lock=50",false
Atomic Habits by James Clear,An easy and proven way to build good habits and break bad ones.,17,21,Books,"https://loremflickr.com/600/600/book,selfhelp/all?lock=494",false
Lenovo ThinkPad T14 Bundle,"Durable enterprise laptop, MIL-STD tested, AMD Ryzen 7 Pro, 16GB RAM. Comes with extra accessories and extended care.",1463,4,Laptops,"https://loremflickr.com/600/600/thinkpad,lenovo,business,laptop/all?lock=17",false
Wayfarer Sunglasses (Refurbished),"Acetate frame, classic wayfarer silhouette, polarized. Certified refurbished — same warranty, lower price.",131,56,Fashion Accessories,"https://loremflickr.com/600/600/wayfarer,sunglasses/all?lock=378",false
Anker 737 Power Bank,"24,000mAh, 140W USB-C PD, smart display.",131,10,Accessories,"https://loremflickr.com/600/600/anker,powerbank/all?lock=220",false
Casper Original Pillow,Two-layer pillow-in-pillow for balanced support.,82,91,Home & Kitchen,"https://loremflickr.com/600/600/pillow,bedding/all?lock=415",false
Canon EOS R6 Mark II,"24MP full-frame, 40fps burst, 6K oversampled 4K.",2639,1,Cameras,"https://loremflickr.com/600/600/canon,camera,mirrorless/all?lock=161",false
Google Pixel 8 Pro (Refurbished),"Tensor G3, 6.7-inch Super Actua display, computational photography. Certified refurbished — same warranty, lower price.",739,28,Phones,"https://loremflickr.com/600/600/pixel,google,smartphone/all?lock=69",false
Dell XPS 13 Plus (Refurbished),"Intel Core Ultra 7, 16GB LPDDR5, 13.4-inch OLED touchscreen, machined aluminum. Certified refurbished — same warranty, lower price.",1049,39,Laptops,"https://loremflickr.com/600/600/dell,xps,laptop/all?lock=9",false
Nanoleaf Shapes Hexagons (Refurbished),"Modular touch-reactive light panels, 16M colors. Certified refurbished — same warranty, lower price.",158,42,Smart Home,"https://loremflickr.com/600/600/nanoleaf,led,smartlight/all?lock=253",false
Play-Doh Modeling Compound 24-Pack (Refurbished),"Two-dozen 3-oz cans of classic Play-Doh. Certified refurbished — same warranty, lower price.",16,54,Toys,"https://loremflickr.com/600/600/playdoh,toy/all?lock=546",false
Apple iPad Air 11,"M2 chip, 11-inch Liquid Retina, Apple Pencil Pro support.",730,27,Tablets,"https://loremflickr.com/600/600/ipad,tablet,apple/all?lock=91",false
Nespresso Vertuo Plus,"Single-touch brewer, five cup sizes, Centrifusion tech.",197,48,Home & Kitchen,"https://loremflickr.com/600/600/nespresso,coffee,kitchen/all?lock=395",false
Adidas Stan Smith,"Classic tennis sneaker, perforated 3-stripe, white leather.",89,14,Footwear,"https://loremflickr.com/600/600/adidas,stansmith,sneakers/all?lock=330",false
Catan Board Game (Refurbished),"Award-winning strategy game for 3-4 players. Certified refurbished — same warranty, lower price.",46,12,Toys,"https://loremflickr.com/600/600/boardgame,catan/all?lock=530",false
Sony Xperia 1 V,"Pro-grade camera, 6.5-inch 4K OLED, Snapdragon 8 Gen 2.",1428,32,Phones,"https://loremflickr.com/600/600/sony,xperia,smartphone/all?lock=83",false
Classic Khaki Chinos Bundle,"Soft brushed twill, straight-leg fit, classic 5-pocket styling. Comes with extra accessories and extended care.",58,12,Pants,"https://loremflickr.com/600/600/chinos,pants,menswear/all?lock=289",false
Braun Series 9 Pro Shaver (Refurbished),"ProLift trimmer, 5 synchronized shaving elements. Certified refurbished — same warranty, lower price.",293,51,Beauty,"https://loremflickr.com/600/600/braun,shaver,grooming/all?lock=487",false
Hooded Rain Shell Bundle,"Waterproof breathable shell, taped seams, packable hood. Comes with extra accessories and extended care.",159,49,Outerwear,"https://loremflickr.com/600/600/rainjacket,jacket/all?lock=315",false
Oxford Wingtip Dress Shoe,Brogued cap-toe Oxford in burnished calfskin.,217,33,Footwear,"https://loremflickr.com/600/600/oxford,dressshoes/all?lock=369",false
Allbirds Wool Runner,"Merino wool upper, sustainably made, machine washable.",109,152,Footwear,"https://loremflickr.com/600/600/allbirds,wool,sneakers/all?lock=350",false
Philips Sonicare Toothbrush Bundle,"Premium sonic toothbrush, pressure sensor, multiple modes. Comes with extra accessories and extended care.",175,32,Home & Kitchen,"https://loremflickr.com/600/600/sonicare,toothbrush/all?lock=423",false
Logitech G Pro X Superlight 2,"Tournament-grade wireless mouse, HERO 2 sensor.",174,17,Gaming,"https://loremflickr.com/600/600/logitech,mouse,gaming/all?lock=205",false
Keychron Q1 Pro,"Wireless QMK/VIA mechanical keyboard, hot-swap, aluminum.",212,9,Gaming,"https://loremflickr.com/600/600/keychron,keyboard/all?lock=207",false
Osprey Atmos AG 65 Backpack (Refurbished),"Anti-Gravity suspension backpacking pack, 65L. Certified refurbished — same warranty, lower price.",238,5,Sports,"https://loremflickr.com/600/600/osprey,backpack,hiking/all?lock=451",false
Sony Alpha A7 IV (Refurbished),"33MP full-frame mirrorless, 4K 60p, hybrid autofocus. Certified refurbished — same warranty, lower price.",2074,14,Cameras,"https://loremflickr.com/600/600/sony,camera,mirrorless/all?lock=157",false
Sennheiser Momentum 4,"60-hour battery, Adaptive Noise Cancellation, audiophile sound.",322,1,Audio,"https://loremflickr.com/600/600/sennheiser,headphones/all?lock=120",false
Instant Pot Duo 7-in-1,"6-quart multi-cooker, pressure cook, slow cook, rice, yogurt.",108,106,Home & Kitchen,"https://loremflickr.com/600/600/instantpot,kitchen/all?lock=392",false
Bose SoundLink Revolve+ II,"360-degree sound, water-resistant, deep bass and clear highs.",375,4,Audio,"https://loremflickr.com/600/600/bose,speaker/all?lock=126",false
Anker Soundcore Liberty 4,"LDAC hi-res audio, ACAA 3.0 driver, heart rate monitoring.",100,49,Audio,"https://loremflickr.com/600/600/anker,earbuds/all?lock=134",true
LEGO Star Wars Millennium Falcon (Refurbished),"Iconic spaceship build, 1,353 pieces, age 9+. Certified refurbished — same warranty, lower price.",149,15,Toys,"https://loremflickr.com/600/600/lego,starwars,toy/all?lock=524",false
Framework Laptop 13,"Modular, repairable laptop with swappable ports. Built to last.",1204,29,Laptops,"https://loremflickr.com/600/600/framework,laptop,modular/all?lock=44",false
Lenovo Yoga 9i,2-in-1 convertible with rotating soundbar hinge and 14-inch OLED.,1146,3,Laptops,"https://loremflickr.com/600/600/lenovo,yoga,laptop/all?lock=20",false
HP EliteBook 840 G10,"Business-class laptop with vPro, 14-inch IPS, fingerprint reader.",1628,121,Laptops,"https://loremflickr.com/600/600/hp,elitebook,laptop/all?lock=26",false
Lenovo ThinkPad X1 Carbon Bundle,"Business ultrabook with carbon-fiber chassis, Core i7, 14-inch 2.8K OLED. Comes with extra accessories and extended care.",1935,20,Laptops,"https://loremflickr.com/600/600/thinkpad,lenovo,laptop/all?lock=15",false
Dyson Airwrap Multi-Styler,"Curl, wave, smooth and dry without extreme heat.",671,182,Beauty,"https://loremflickr.com/600/600/dyson,hairstyler/all?lock=480",false
Tapered Joggers,"French terry cotton, elastic waist, ribbed cuffs.",64,3,Pants,"https://loremflickr.com/600/600/joggers,pants,athletic/all?lock=291",false
"Lodge Cast Iron Skillet 12"" (Refurbished)","Pre-seasoned, made in USA, virtually indestructible. Certified refurbished — same warranty, lower price.",38,7,Home & Kitchen,"https://loremflickr.com/600/600/castiron,skillet,kitchen/all?lock=404",false
Samsung Galaxy S24+ (Refurbished),"6.7-inch QHD+ AMOLED, Snapdragon 8 Gen 3, 50MP triple camera. Certified refurbished — same warranty, lower price.",812,41,Phones,"https://loremflickr.com/600/600/samsung,galaxy,smartphone/all?lock=63",false
Slim Fit Dress Shirt,"Wrinkle-resistant, French placket, slim European cut.",110,38,Shirts,"https://loremflickr.com/600/600/dressshirt,menswear/all?lock=278",true
Microsoft Surface Pro 9,"13-inch PixelSense, Intel Core i5/i7, detachable keyboard.",1409,3,Tablets,"https://loremflickr.com/600/600/surface,tablet,microsoft/all?lock=102",false
OnePlus 12,"Snapdragon 8 Gen 3, 100W charging, 6.82-inch LTPO AMOLED.",843,36,Phones,"https://loremflickr.com/600/600/oneplus,smartphone,android/all?lock=74",false
White Crewneck T-Shirt,"Heavyweight 240gsm cotton, classic relaxed fit, pre-shrunk.",21,61,Shirts,"https://loremflickr.com/600/600/whitetshirt,tshirt,clothing/all?lock=264",false
Apple Watch Series 9 (Refurbished),"S9 SiP, Double Tap gesture, always-on Retina display. Certified refurbished — same warranty, lower price.",385,6,Wearables,"https://loremflickr.com/600/600/apple,watch,smartwatch/all?lock=137",false
Converse Chuck Taylor 70,"Premium canvas, vintage rubber, OG silhouette.",75,7,Footwear,"https://loremflickr.com/600/600/converse,chuck,sneakers/all?lock=342",true
Tech Performance Pants (Refurbished),"4-way stretch, water-repellent, hidden zip pocket. Certified refurbished — same warranty, lower price.",75,4,Pants,"https://loremflickr.com/600/600/tech,pants,athletic/all?lock=297",false
Samsung Galaxy Tab S9 Ultra,"14.6-inch Dynamic AMOLED 2X, Snapdragon 8 Gen 2 for Galaxy.",1228,33,Tablets,"https://loremflickr.com/600/600/samsung,tablet,android/all?lock=101",true
Estee Lauder Advanced Night Repair (Refurbished),"Synchronized Multi-Recovery Complex serum. Certified refurbished — same warranty, lower price.",75,52,Beauty,"https://loremflickr.com/600/600/estelauder,skincare/all?lock=473",false
Dell XPS 13 Plus Bundle,"Intel Core Ultra 7, 16GB LPDDR5, 13.4-inch OLED touchscreen, machined aluminum. Comes with extra accessories and extended care.",1547,8,Laptops,"https://loremflickr.com/600/600/dell,xps,laptop/all?lock=8",false
Down Parka,"Heavy-duty parka with faux-fur hood, tested to -20F.",354,38,Outerwear,"https://loremflickr.com/600/600/parka,winter,jacket/all?lock=321",false
Chemex 6-Cup Pour Over,Iconic borosilicate carafe for pour-over coffee.,76,23,Home & Kitchen,"https://loremflickr.com/600/600/chemex,coffee/all?lock=398",false
Red Wing Iron Ranger (Refurbished),"Six-inch cap-toe boot built on a Goodyear-welted sole. Certified refurbished — same warranty, lower price.",294,21,Footwear,"https://loremflickr.com/600/600/redwing,boots/all?lock=362",false
Chemex 6-Cup Pour Over Bundle,Iconic borosilicate carafe for pour-over coffee. Comes with extra accessories and extended care.,87,53,Home & Kitchen,"https://loremflickr.com/600/600/chemex,coffee/all?lock=400",false
Sony ZV-1 II,Vlog camera with wide 18-50mm lens and forward-facing mic.,1081,24,Cameras,"https://loremflickr.com/600/600/sony,camera,vlog/all?lock=158",false
Apple MacBook Air 13 (Refurbished),"Apple Silicon M2, 8GB RAM, 256GB SSD, 13.6-inch Liquid Retina display. Certified refurbished — same warranty, lower price.",907,60,Laptops,"https://loremflickr.com/600/600/macbook,air,laptop/all?lock=2",false
Bomber Jacket Bundle,"MA-1 style satin bomber, ribbed cuffs and hem, water-repellent. Comes with extra accessories and extended care.",172,55,Outerwear,"https://loremflickr.com/600/600/bomber,jacket/all?lock=325",false
Chemex 6-Cup Pour Over (Refurbished),"Iconic borosilicate carafe for pour-over coffee. Certified refurbished — same warranty, lower price.",59,2,Home & Kitchen,"https://loremflickr.com/600/600/chemex,coffee/all?lock=399",false
Barbie Dreamhouse,Three-story Dreamhouse with elevator and pool.,254,17,Toys,"https://loremflickr.com/600/600/barbie,dollhouse,toy/all?lock=541",false
Squishmallow 12-inch Plush (Refurbished),"Soft and squishy plush toy, collectible. Certified refurbished — same warranty, lower price.",21,57,Toys,"https://loremflickr.com/600/600/squishmallow,plush/all?lock=552",false
Apple iPhone 15 Pro Max,"6.7-inch Super Retina XDR, 5x telephoto, A17 Pro, all-day battery.",1569,29,Phones,"https://loremflickr.com/600/600/iphone,pro,smartphone/all?lock=55",false
Asus ZenBook 14 OLED Bundle,"Slim ultrabook, Core i7, 14-inch OLED, military-grade durability. Comes with extra accessories and extended care.",1040,41,Laptops,"https://loremflickr.com/600/600/asus,zenbook,laptop/all?lock=31",false
Apple iPad Pro 13,"M4 chip, 13-inch Ultra Retina XDR Tandem OLED, 5G optional.",1533,7,Tablets,"https://loremflickr.com/600/600/ipad,pro,tablet/all?lock=94",false
Yeti Rambler 30oz Tumbler,"Double-wall vacuum insulation, MagSlider lid.",42,40,Home & Kitchen,"https://loremflickr.com/600/600/yeti,tumbler,drinkware/all?lock=408",false
Casper Original Pillow (Refurbished),"Two-layer pillow-in-pillow for balanced support. Certified refurbished — same warranty, lower price.",63,31,Home & Kitchen,"https://loremflickr.com/600/600/pillow,bedding/all?lock=417",false
Ecobee Smart Thermostat Premium,Smart thermostat with built-in air quality monitor.,234,42,Smart Home,"https://loremflickr.com/600/600/ecobee,thermostat,smarthome/all?lock=259",false
Apple AirPods Pro 2,"Active Noise Cancellation, Adaptive Audio, USB-C charging case.",227,49,Audio,"https://loremflickr.com/600/600/airpods,earbuds/all?lock=107",false
Deep Work by Cal Newport,Rules for focused success in a distracted world.,25,17,Books,"https://loremflickr.com/600/600/book,selfhelp/all?lock=509",false
Garmin Forerunner 265 Bundle,AMOLED running watch with training-readiness insights. Comes with extra accessories and extended care.,518,26,Wearables,"https://loremflickr.com/600/600/garmin,watch,fitness/all?lock=149",false
Hot Wheels Track Builder (Refurbished),"Modular track set with stunt ramps and loops. Certified refurbished — same warranty, lower price.",28,8,Toys,"https://loremflickr.com/600/600/hotwheels,toy/all?lock=537",false
Nothing Phone 2,"Iconic Glyph interface, Snapdragon 8+ Gen 1, transparent design.",735,38,Phones,"https://loremflickr.com/600/600/nothing,phone,android/all?lock=81",false
Allbirds Wool Runner Bundle,"Merino wool upper, sustainably made, machine washable. Comes with extra accessories and extended care.",125,43,Footwear,"https://loremflickr.com/600/600/allbirds,wool,sneakers/all?lock=352",false
Google Nest Thermostat (Refurbished),"Energy-saving smart thermostat with Soli sensor. Certified refurbished — same warranty, lower price.",102,11,Smart Home,"https://loremflickr.com/600/600/googlenest,thermostat,smarthome/all?lock=261",false
Quilted Puffer Jacket Bundle,"650-fill power down, water-resistant shell, packable. Comes with extra accessories and extended care.",172,17,Outerwear,"https://loremflickr.com/600/600/puffer,jacket,winter/all?lock=307",false
Clean Code by Robert Martin,A handbook of agile software craftsmanship.,31,132,Books,"https://loremflickr.com/600/600/book,programming/all?lock=506",false
Vitamix 5200 Blender,"Professional-grade blender, 64oz container, 7-year warranty.",536,181,Home & Kitchen,"https://loremflickr.com/600/600/vitamix,blender,kitchen/all?lock=386",false
Asus ROG Phone 8 Bundle,"Gaming phone with shoulder triggers, 165Hz AMOLED, AeroActive cooler. Comes with extra accessories and extended care.",1344,29,Phones,"https://loremflickr.com/600/600/asus,rog,gaming,phone/all?lock=90",false
The Ordinary Niacinamide 10%,Reduces appearance of blemishes and congestion.,8,3,Beauty,"https://loremflickr.com/600/600/serum,skincare/all?lock=468",false
New Balance 530,Retro 2000s runner returning with vintage colorways.,107,144,Footwear,"https://loremflickr.com/600/600/newbalance,530,sneakers/all?lock=339",false
Microsoft Surface Laptop 5,"Premium 13.5-inch PixelSense touchscreen, Alcantara keyboard, Core i7.",1579,75,Laptops,"https://loremflickr.com/600/600/surface,microsoft,laptop/all?lock=39",false
Philips Norelco 9000 Shaver (Refurbished),"V-Track Pro blades, contour-detect heads, wet/dry. Certified refurbished — same warranty, lower price.",188,19,Beauty,"https://loremflickr.com/600/600/shaver,grooming/all?lock=483",false
Canon EOS R6 Mark II Bundle,"24MP full-frame, 40fps burst, 6K oversampled 4K. Comes with extra accessories and extended care.",3034,29,Cameras,"https://loremflickr.com/600/600/canon,camera,mirrorless/all?lock=163",false
Microsoft Xbox Series X Bundle,"12 TFLOPS, true 4K gaming, Quick Resume. Comes with extra accessories and extended care.",532,37,Gaming,"https://loremflickr.com/600/600/xbox,console,gaming/all?lock=186",false
Asus ROG Phone 8,"Gaming phone with shoulder triggers, 165Hz AMOLED, AeroActive cooler.",1169,20,Phones,"https://loremflickr.com/600/600/asus,rog,gaming,phone/all?lock=88",false
Magna-Tiles 100-Piece Set,Magnetic building tiles for STEM creative play.,150,38,Toys,"https://loremflickr.com/600/600/magnetiles,toy/all?lock=535",false
Flannel Plaid Shirt Bundle,"Brushed flannel, classic plaid, button-front, two chest pockets. Comes with extra accessories and extended care.",73,26,Shirts,"https://loremflickr.com/600/600/flannel,shirt,menswear/all?lock=272",false
DJI Osmo Action 4 (Refurbished),"1/1.3-inch sensor, magnetic quick-release, 4K 120p. Certified refurbished — same warranty, lower price.",287,25,Cameras,"https://loremflickr.com/600/600/dji,action,camera/all?lock=176",false
Carpenter Work Pants,"Heavy canvas, hammer loop, double knee, made for hard wear.",85,40,Pants,"https://loremflickr.com/600/600/workpants,pants/all?lock=301",false
Concept2 RowErg (Refurbished),"Gold-standard indoor rower, PM5 monitor. Certified refurbished — same warranty, lower price.",748,45,Sports,"https://loremflickr.com/600/600/rowing,rower,fitness/all?lock=435",false
Fleece Half-Zip Pullover,"Brushed sherpa fleece, kangaroo pocket, cozy stand collar.",73,20,Outerwear,"https://loremflickr.com/600/600/fleece,pullover,outerwear/all?lock=317",false
Philips Hue Starter Kit,Three smart bulbs and a Hue Bridge for full home control.,181,22,Smart Home,"https://loremflickr.com/600/600/philips,hue,smartlight/all?lock=250",false
Logitech MX Master 3S,"Ergonomic, 8K DPI, MagSpeed scroll wheel.",100,18,Accessories,"https://loremflickr.com/600/600/logitech,mouse/all?lock=216",false
The Pragmatic Programmer (Refurbished),"Your journey to mastery, 20th anniversary edition. Certified refurbished — same warranty, lower price.",24,42,Books,"https://loremflickr.com/600/600/book,programming/all?lock=505",false
Xiaomi 14 Pro,"Leica optics, Snapdragon 8 Gen 3, 6.73-inch LTPO.",815,26,Phones,"https://loremflickr.com/600/600/xiaomi,smartphone,android/all?lock=79",false
Wool Dress Trousers,"Italian wool, flat-front, half-canvas construction.",175,11,Pants,"https://loremflickr.com/600/600/trousers,dresspants,menswear/all?lock=294",false
Classic Khaki Chinos,"Soft brushed twill, straight-leg fit, classic 5-pocket styling.",51,17,Pants,"https://loremflickr.com/600/600/chinos,pants,menswear/all?lock=288",false
Barbie Dreamhouse (Refurbished),"Three-story Dreamhouse with elevator and pool. Certified refurbished — same warranty, lower price.",198,9,Toys,"https://loremflickr.com/600/600/barbie,dollhouse,toy/all?lock=543",false
LEGO Creator Botanical Collection (Refurbished),"Build a buildable bouquet for the home. Certified refurbished — same warranty, lower price.",63,28,Toys,"https://loremflickr.com/600/600/lego,flowers,toy/all?lock=528",false
Crayola Inspiration Art Case,140-piece all-in-one art studio for kids.,24,50,Toys,"https://loremflickr.com/600/600/crayola,art,toy/all?lock=547",false
Elgato Stream Deck MK.2 Bundle,15 customizable LCD keys for streamers and creators. Comes with extra accessories and extended care.,204,21,Gaming,"https://loremflickr.com/600/600/elgato,streamdeck/all?lock=210",false
Apple iPhone 15 Bundle,"6.1-inch Super Retina XDR, A16 Bionic, USB-C, Dynamic Island. Comes with extra accessories and extended care.",1141,48,Phones,"https://loremflickr.com/600/600/iphone,apple,smartphone/all?lock=51",false
Bose QuietComfort Earbuds II,"CustomTune sound calibration, best-in-class ANC for earbuds.",282,27,Audio,"https://loremflickr.com/600/600/bose,earbuds/all?lock=118",true
Premium Polo Shirt Bundle,"Pique knit cotton, mother-of-pearl buttons, slim fit. Comes with extra accessories and extended care.",64,9,Shirts,"https://loremflickr.com/600/600/polo,shirt,menswear/all?lock=269",false
Funko Pop Marvel Spider-Man,"Bobblehead vinyl figure, 3.75 inches tall.",15,29,Toys,"https://loremflickr.com/600/600/funko,pop,marvel/all?lock=548",false
Peloton Bike+,"Rotating HD touchscreen, auto-resistance, Apple GymKit.",2851,49,Sports,"https://loremflickr.com/600/600/peloton,bike,fitness/all?lock=436",false
Leather Belt (Refurbished),"Full-grain bridle leather, brass buckle, made to last. Certified refurbished — same warranty, lower price.",63,42,Fashion Accessories,"https://loremflickr.com/600/600/leatherbelt,belt/all?lock=384",false
Insta360 X4,8K 360-degree camera with invisible selfie-stick effect.,586,5,Cameras,"https://loremflickr.com/600/600/insta360,camera,action/all?lock=180",false
Canvas Backpack (Refurbished),"Heavy-duty canvas, padded laptop sleeve, 22L capacity. Certified refurbished — same warranty, lower price.",85,49,Fashion Accessories,"https://loremflickr.com/600/600/backpack,bag/all?lock=373",false
Lenovo Yoga 9i Bundle,2-in-1 convertible with rotating soundbar hinge and 14-inch OLED. Comes with extra accessories and extended care.,1317,47,Laptops,"https://loremflickr.com/600/600/lenovo,yoga,laptop/all?lock=21",false
Sony PS5 Pro,Enhanced GPU and AI-driven upscaling for 4K 60fps gaming.,708,169,Gaming,"https://loremflickr.com/600/600/playstation,ps5,console/all?lock=184",false
Logitech Brio 4K Webcam (Refurbished),"4K Ultra HD webcam with HDR and 5x zoom. Certified refurbished — same warranty, lower price.",138,30,Accessories,"https://loremflickr.com/600/600/logitech,webcam/all?lock=238",false
Meta Quest 3 (Refurbished),"Mixed reality headset with full-color passthrough. Certified refurbished — same warranty, lower price.",488,33,Gaming,"https://loremflickr.com/600/600/meta,quest,vr/all?lock=200",false
Anker 737 Power Bank Bundle,"24,000mAh, 140W USB-C PD, smart display. Comes with extra accessories and extended care.",150,19,Accessories,"https://loremflickr.com/600/600/anker,powerbank/all?lock=221",false
Adidas Ultraboost 24 (Refurbished),"Boost midsole, Primeknit upper, premium daily trainer. Certified refurbished — same warranty, lower price.",149,32,Footwear,"https://loremflickr.com/600/600/adidas,ultraboost,running/all?lock=335",false
Schwinn IC4 Indoor Cycle,Magnetic resistance indoor bike with dual-sided pedals.,968,157,Sports,"https://loremflickr.com/600/600/schwinn,bike,fitness/all?lock=438",false
"Timberland 6"" Premium Boots Bundle","Waterproof nubuck, padded collar, signature wheat color. Comes with extra accessories and extended care.",266,39,Footwear,"https://loremflickr.com/600/600/timberland,boots/all?lock=360",false
Field Jacket,Waxed cotton field coat with four utility pockets.,191,9,Outerwear,"https://loremflickr.com/600/600/fieldjacket,jacket/all?lock=318",false
Vintage Graphic T-Shirt (Refurbished),"Soft-hand vintage print, ringspun cotton, retro fit. Certified refurbished — same warranty, lower price.",22,53,Shirts,"https://loremflickr.com/600/600/graphictshirt,tshirt/all?lock=276",false
Sony ZV-1 II Bundle,Vlog camera with wide 18-50mm lens and forward-facing mic. Comes with extra accessories and extended care.,1243,50,Cameras,"https://loremflickr.com/600/600/sony,camera,vlog/all?lock=160",false
KitchenAid Stand Mixer,5-quart tilt-head stand mixer with 10 speeds.,547,19,Home & Kitchen,"https://loremflickr.com/600/600/kitchenaid,mixer,kitchen/all?lock=406",false
Birkenstock Arizona Sandals Bundle,"Two-strap cork footbed sandal, adjustable buckles. Comes with extra accessories and extended care.",150,17,Footwear,"https://loremflickr.com/600/600/birkenstock,sandals/all?lock=365",false
Breville Barista Express,Espresso machine with integrated conical burr grinder.,715,46,Home & Kitchen,"https://loremflickr.com/600/600/breville,espresso,kitchen/all?lock=394",false
Classic Khaki Chinos (Refurbished),"Soft brushed twill, straight-leg fit, classic 5-pocket styling. Certified refurbished — same warranty, lower price.",39,52,Pants,"https://loremflickr.com/600/600/chinos,pants,menswear/all?lock=290",false
Marshall Stanmore III,"Iconic Marshall sound, Bluetooth 5.2, classic brass details.",354,142,Audio,"https://loremflickr.com/600/600/marshall,speaker/all?lock=132",false
HP Pavilion 15 (Refurbished),"Everyday laptop, Ryzen 5, 8GB RAM, 256GB SSD, 15.6-inch FHD. Certified refurbished — same warranty, lower price.",592,12,Laptops,"https://loremflickr.com/600/600/hp,pavilion,laptop/all?lock=25",false
LEGO Creator Botanical Collection,Build a buildable bouquet for the home.,82,182,Toys,"https://loremflickr.com/600/600/lego,flowers,toy/all?lock=526",false
Apple MacBook Pro 16 Bundle,"M3 Max, 36GB RAM, 1TB SSD, 16-inch XDR display for pro workflows. Comes with extra accessories and extended care.",4171,16,Laptops,"https://loremflickr.com/600/600/macbook,pro,laptop/all?lock=6",false
Logitech MX Keys S (Refurbished),"Backlit keys, Smart Actions automation, multi-device. Certified refurbished — same warranty, lower price.",96,26,Accessories,"https://loremflickr.com/600/600/logitech,keyboard/all?lock=219",false
Xiaomi Pad 6,"Snapdragon 870, 11-inch 144Hz IPS LCD, quad speakers.",440,9,Tablets,"https://loremflickr.com/600/600/xiaomi,tablet,android/all?lock=105",false
Coleman Sundome 4-Person Tent Bundle,Easy-setup family camping tent with weatherproof flooring. Comes with extra accessories and extended care.,117,21,Sports,"https://loremflickr.com/600/600/tent,camping/all?lock=456",false
Estee Lauder Advanced Night Repair,Synchronized Multi-Recovery Complex serum.,97,9,Beauty,"https://loremflickr.com/600/600/estelauder,skincare/all?lock=472",false
Denim Trucker Jacket,"Classic trucker silhouette, two chest pockets, button-front.",127,156,Outerwear,"https://loremflickr.com/600/600/denimjacket,denim/all?lock=312",false
Yeti Tundra 45 Cooler Bundle,"Rotomolded ice chest, bear-resistant, lifetime construction. Comes with extra accessories and extended care.",397,45,Sports,"https://loremflickr.com/600/600/yeti,cooler,outdoor/all?lock=458",false
Fujifilm X-T5 Bundle,"40MP X-Trans, classic dials, 6.2K video, in-body stabilization. Comes with extra accessories and extended care.",2231,43,Cameras,"https://loremflickr.com/600/600/fujifilm,camera,mirrorless/all?lock=170",false
Framework Laptop 13 (Refurbished),"Modular, repairable laptop with swappable ports. Built to last. Certified refurbished — same warranty, lower price.",939,56,Laptops,"https://loremflickr.com/600/600/framework,laptop,modular/all?lock=46",false
Bose QuietComfort Earbuds II (Refurbished),"CustomTune sound calibration, best-in-class ANC for earbuds. Certified refurbished — same warranty, lower price.",219,24,Audio,"https://loremflickr.com/600/600/bose,earbuds/all?lock=119",false
Linen Drawstring Pants,"Lightweight linen, drawstring waist, relaxed straight leg.",66,24,Pants,"https://loremflickr.com/600/600/linen,pants/all?lock=298",false
Steam Deck OLED,"Handheld PC gaming, HDR OLED display, longer battery.",702,6,Gaming,"https://loremflickr.com/600/600/steamdeck,console,gaming/all?lock=194",false
LEGO Star Wars Millennium Falcon,"Iconic spaceship build, 1,353 pieces, age 9+.",192,17,Toys,"https://loremflickr.com/600/600/lego,starwars,toy/all?lock=522",false
Anker 737 GaNPrime Charger Bundle,120W 3-port USB-C wall charger. Comes with extra accessories and extended care.,159,2,Accessories,"https://loremflickr.com/600/600/anker,charger/all?lock=224",false
OnePlus 12 Bundle,"Snapdragon 8 Gen 3, 100W charging, 6.82-inch LTPO AMOLED. Comes with extra accessories and extended care.",969,58,Phones,"https://loremflickr.com/600/600/oneplus,smartphone,android/all?lock=75",false
Dyson Supersonic Hair Dryer Bundle,"Intelligent heat control, faster drying, three attachments. Comes with extra accessories and extended care.",472,38,Beauty,"https://loremflickr.com/600/600/dyson,hairdryer/all?lock=479",false
The Body Keeps the Score,"Brain, mind, and body in the healing of trauma.",15,156,Books,"https://loremflickr.com/600/600/book,psychology/all?lock=515",true
Apple iPad Pro 13 (Refurbished),"M4 chip, 13-inch Ultra Retina XDR Tandem OLED, 5G optional. Certified refurbished — same warranty, lower price.",1195,60,Tablets,"https://loremflickr.com/600/600/ipad,pro,tablet/all?lock=95",false
Oura Ring Gen 3,"Sleep, readiness and activity tracking in a slim titanium ring.",339,37,Wearables,"https://loremflickr.com/600/600/oura,ring,fitness/all?lock=154",false
Samsung T7 Shield 2TB SSD,"Rugged USB 3.2 Gen 2 portable SSD, IP65, 1,050 MB/s.",226,50,Accessories,"https://loremflickr.com/600/600/samsung,ssd,drive/all?lock=228",false
Crossbody Bag,Compact crossbody with adjustable strap and zip closure.,119,39,Fashion Accessories,"https://loremflickr.com/600/600/crossbody,bag/all?lock=385",false
Arlo Pro 5S 2K,"Wireless 2K security camera, color night vision.",235,42,Smart Home,"https://loremflickr.com/600/600/arlo,camera,smarthome/all?lock=256",true
Apple MacBook Pro 16,"M3 Max, 36GB RAM, 1TB SSD, 16-inch XDR display for pro workflows.",3627,4,Laptops,"https://loremflickr.com/600/600/macbook,pro,laptop/all?lock=4",false
Nikon Z f,Retro-styled full-frame mirrorless with classic dials.,2388,41,Cameras,"https://loremflickr.com/600/600/nikon,camera,mirrorless/all?lock=165",true
Adidas Samba OG (Refurbished),"Heritage indoor soccer shoe, gum sole, T-toe overlay. Certified refurbished — same warranty, lower price.",98,8,Footwear,"https://loremflickr.com/600/600/adidas,samba,sneakers/all?lock=332",false
CeraVe Hydrating Cleanser Bundle,Gentle non-foaming cleanser with hyaluronic acid and ceramides. Comes with extra accessories and extended care.,24,40,Beauty,"https://loremflickr.com/600/600/cerave,skincare/all?lock=466",false
Track Pants (Refurbished),"Tricot track pants with side stripes and zip ankles. Certified refurbished — same warranty, lower price.",55,18,Pants,"https://loremflickr.com/600/600/trackpants,pants,athletic/all?lock=305",false
Selvedge Raw Denim Jeans,"14oz Japanese selvedge denim, button-fly, indigo dye.",207,178,Pants,"https://loremflickr.com/600/600/denim,jeans/all?lock=285",false
Flannel Plaid Shirt,"Brushed flannel, classic plaid, button-front, two chest pockets.",64,60,Shirts,"https://loremflickr.com/600/600/flannel,shirt,menswear/all?lock=270",false
PlayStation VR2,"4K HDR OLED, eye tracking, PlayStation 5 only.",551,32,Gaming,"https://loremflickr.com/600/600/psvr,vr/all?lock=201",false
Hydro Flask 32oz Bundle,"Vacuum-insulated stainless steel, TempShield. Comes with extra accessories and extended care.",51,37,Home & Kitchen,"https://loremflickr.com/600/600/hydroflask,waterbottle/all?lock=413",false
Fitbit Charge 6,"Heart rate, ECG, EDA, Google Maps and YouTube Music.",172,2,Wearables,"https://loremflickr.com/600/600/fitbit,tracker,fitness/all?lock=150",false
Philips Sonicare Toothbrush,"Premium sonic toothbrush, pressure sensor, multiple modes.",153,32,Home & Kitchen,"https://loremflickr.com/600/600/sonicare,toothbrush/all?lock=422",false
Leather Bifold Wallet (Refurbished),"Full-grain leather, six card slots, slim profile. Certified refurbished — same warranty, lower price.",51,34,Fashion Accessories,"https://loremflickr.com/600/600/wallet,leather/all?lock=371",false
Atomic Habits by James Clear (Refurbished),"An easy and proven way to build good habits and break bad ones. Certified refurbished — same warranty, lower price.",13,59,Books,"https://loremflickr.com/600/600/book,selfhelp/all?lock=495",false
Blue Yeti X (Refurbished),"Pro-level USB mic with 4-capsule array, LED meter. Certified refurbished — same warranty, lower price.",142,51,Accessories,"https://loremflickr.com/600/600/blue,yeti,microphone/all?lock=235",false
Salomon XT-6 Bundle,Trail-running heritage shoe with Quicklace and Contagrip. Comes with extra accessories and extended care.,229,42,Footwear,"https://loremflickr.com/600/600/salomon,trailrunning,sneakers/all?lock=355",false
Elgato Wave 3 USB Mic,Premium broadcast mic with Clipguard and Wave Link.,162,10,Accessories,"https://loremflickr.com/600/600/elgato,microphone/all?lock=232",false
Steam Deck OLED (Refurbished),"Handheld PC gaming, HDR OLED display, longer battery. Certified refurbished — same warranty, lower price.",547,32,Gaming,"https://loremflickr.com/600/600/steamdeck,console,gaming/all?lock=195",false
Apple iPhone 14 (Refurbished),"A15 Bionic, dual-lens 12MP, Crash Detection and Emergency SOS. Certified refurbished — same warranty, lower price.",612,60,Phones,"https://loremflickr.com/600/600/iphone,apple,smartphone/all?lock=57",false
Spalding TF-1000 Basketball,"Indoor composite leather basketball, NFHS approved.",64,60,Sports,"https://loremflickr.com/600/600/basketball,sports/all?lock=443",false
Field Jacket Bundle,Waxed cotton field coat with four utility pockets. Comes with extra accessories and extended care.,219,43,Outerwear,"https://loremflickr.com/600/600/fieldjacket,jacket/all?lock=319",false
Samsung Galaxy Watch 6 Bundle,"Sapphire crystal, BioActive sensor, sleep coaching. Comes with extra accessories and extended care.",426,33,Wearables,"https://loremflickr.com/600/600/samsung,watch,smartwatch/all?lock=144",false
Lululemon Reversible Yoga Mat (Refurbished),"5mm reversible mat with antimicrobial top layer. Certified refurbished — same warranty, lower price.",73,20,Sports,"https://loremflickr.com/600/600/yogamat,yoga/all?lock=425",false
OnePlus Nord 4,"Mid-range flagship, metal unibody, 100W SuperVOOC charging.",413,2,Phones,"https://loremflickr.com/600/600/oneplus,nord,android/all?lock=77",true
Cargo Pants,"Ripstop cotton, six utility pockets, relaxed fit.",93,29,Pants,"https://loremflickr.com/600/600/cargopants,pants/all?lock=293",false
Razer DeathAdder V3 Pro (Refurbished),"Ultralight 64g esports mouse, 30k DPI Focus Pro sensor. Certified refurbished — same warranty, lower price.",127,41,Gaming,"https://loremflickr.com/600/600/razer,mouse,gaming/all?lock=204",false
Ring Video Doorbell Pro 2 Bundle,"Head-to-toe HD+ video, 3D motion detection. Comes with extra accessories and extended care.",302,28,Smart Home,"https://loremflickr.com/600/600/ring,doorbell,smarthome/all?lock=255",false
Samsung Galaxy S24 Ultra (Refurbished),"Snapdragon 8 Gen 3, 200MP camera, built-in S Pen, titanium frame. Certified refurbished — same warranty, lower price.",1014,49,Phones,"https://loremflickr.com/600/600/samsung,galaxy,smartphone/all?lock=61",false
Hot Wheels Track Builder,Modular track set with stunt ramps and loops.,36,20,Toys,"https://loremflickr.com/600/600/hotwheels,toy/all?lock=536",false
Chambray Workshirt Bundle,Heritage-inspired workshirt with two flap pockets. Comes with extra accessories and extended care.,67,53,Shirts,"https://loremflickr.com/600/600/chambray,shirt,menswear/all?lock=282",false
Instant Pot Duo 7-in-1 (Refurbished),"6-quart multi-cooker, pressure cook, slow cook, rice, yogurt. Certified refurbished — same warranty, lower price.",84,12,Home & Kitchen,"https://loremflickr.com/600/600/instantpot,kitchen/all?lock=393",false
Elgato Stream Deck MK.2 (Refurbished),"15 customizable LCD keys for streamers and creators. Certified refurbished — same warranty, lower price.",138,44,Gaming,"https://loremflickr.com/600/600/elgato,streamdeck/all?lock=211",false
Apple MacBook Pro 14,"M3 Pro chip, 16GB unified memory, mini-LED ProMotion display, all-day battery.",2638,8,Laptops,"https://loremflickr.com/600/600/macbook,pro,laptop/all?lock=3",true
Apple iPhone 15 Pro,"Titanium frame, A17 Pro, ProMotion display, triple-lens 48MP camera.",1006,36,Phones,"https://loremflickr.com/600/600/iphone,pro,smartphone/all?lock=53",false
Apple Magic Mouse,"Multi-touch surface, rechargeable, USB-C.",91,27,Accessories,"https://loremflickr.com/600/600/apple,mouse/all?lock=212",true
Samsung Galaxy A55 Bundle,"Mid-range hero, 6.6-inch Super AMOLED, 50MP OIS camera. Comes with extra accessories and extended care.",655,57,Phones,"https://loremflickr.com/600/600/samsung,galaxy,android/all?lock=66",false
Red Wing Iron Ranger,Six-inch cap-toe boot built on a Goodyear-welted sole.,378,27,Footwear,"https://loremflickr.com/600/600/redwing,boots/all?lock=361",false
Bomber Jacket,"MA-1 style satin bomber, ribbed cuffs and hem, water-repellent.",150,30,Outerwear,"https://loremflickr.com/600/600/bomber,jacket/all?lock=324",false
Red Wing Iron Ranger Bundle,Six-inch cap-toe boot built on a Goodyear-welted sole. Comes with extra accessories and extended care.,434,50,Footwear,"https://loremflickr.com/600/600/redwing,boots/all?lock=363",false
Down Parka Bundle,"Heavy-duty parka with faux-fur hood, tested to -20F. Comes with extra accessories and extended care.",407,60,Outerwear,"https://loremflickr.com/600/600/parka,winter,jacket/all?lock=323",false
Le Creuset Dutch Oven 5.5qt Bundle,"Enameled cast iron, even heat retention, lifetime warranty. Comes with extra accessories and extended care.",530,41,Home & Kitchen,"https://loremflickr.com/600/600/lecreuset,dutchoven,kitchen/all?lock=402",false
Apple Watch Ultra 2,"Rugged titanium case, dual-frequency GPS, action button.",832,109,Wearables,"https://loremflickr.com/600/600/apple,watch,smartwatch/all?lock=138",false
Amazon Echo Dot 5 (Refurbished),"Improved sound, temperature sensor, eero mesh extender. Certified refurbished — same warranty, lower price.",44,2,Smart Home,"https://loremflickr.com/600/600/echo,alexa,smarthome/all?lock=244",false
Ninja Foodi Air Fryer,8-quart dual-zone air fryer with smart cook system.,153,4,Home & Kitchen,"https://loremflickr.com/600/600/ninja,airfryer,kitchen/all?lock=389",false
Baseball Cap,"Six-panel cotton twill, adjustable strap, embroidered logo.",39,149,Fashion Accessories,"https://loremflickr.com/600/600/baseballcap,hat/all?lock=381",false
Manduka PRO Yoga Mat,"6mm dense cushion, lifetime guarantee.",133,178,Sports,"https://loremflickr.com/600/600/manduka,yogamat,yoga/all?lock=427",false
LG Gram 17 (Refurbished),"Lightest 17-inch laptop at under 3 lbs, all-day battery, Core i7. Certified refurbished — same warranty, lower price.",1194,53,Laptops,"https://loremflickr.com/600/600/lg,gram,laptop/all?lock=49",false
Striped Long-Sleeve Henley Bundle,"Soft slub cotton, three-button placket, casual layering staple. Comes with extra accessories and extended care.",79,55,Shirts,"https://loremflickr.com/600/600/henley,shirt,menswear/all?lock=266",false
Samsung Galaxy Watch 6,"Sapphire crystal, BioActive sensor, sleep coaching.",371,2,Wearables,"https://loremflickr.com/600/600/samsung,watch,smartwatch/all?lock=142",false
Jo Malone English Pear 100ml (Refurbished),"Crisp pear and freesia eau de cologne. Certified refurbished — same warranty, lower price.",145,13,Beauty,"https://loremflickr.com/600/600/jomalone,perfume/all?lock=492",false
Hooded Rain Shell (Refurbished),"Waterproof breathable shell, taped seams, packable hood. Certified refurbished — same warranty, lower price.",108,43,Outerwear,"https://loremflickr.com/600/600/rainjacket,jacket/all?lock=316",false
Braun Series 9 Pro Shaver Bundle,"ProLift trimmer, 5 synchronized shaving elements. Comes with extra accessories and extended care.",432,18,Beauty,"https://loremflickr.com/600/600/braun,shaver,grooming/all?lock=486",false
Asics Gel-Kayano 30 (Refurbished),"Premium stability runner with FF Blast Plus cushioning. Certified refurbished — same warranty, lower price.",141,33,Footwear,"https://loremflickr.com/600/600/asics,running,sneakers/all?lock=346",false
Google Pixel 8 (Refurbished),"Best-in-class camera, Tensor G3, 7 years of OS updates. Certified refurbished — same warranty, lower price.",492,11,Phones,"https://loremflickr.com/600/600/pixel,google,smartphone/all?lock=72",false
Hyperice Hypervolt 2,"Bluetooth-enabled percussion massager, 5 speeds.",299,27,Sports,"https://loremflickr.com/600/600/hypervolt,massage,fitness/all?lock=462",false
Converse Chuck Taylor 70 (Refurbished),"Premium canvas, vintage rubber, OG silhouette. Certified refurbished — same warranty, lower price.",58,36,Footwear,"https://loremflickr.com/600/600/converse,chuck,sneakers/all?lock=343",false
GoPro Hero 12 Black,"5.3K 60p, HyperSmooth 6.0, 10-bit color, waterproof to 33ft.",425,37,Cameras,"https://loremflickr.com/600/600/gopro,camera,action/all?lock=173",false
Apple Magic Keyboard,"Scissor-mechanism keys, full-size, rechargeable.",112,41,Accessories,"https://loremflickr.com/600/600/apple,keyboard/all?lock=214",false
Xiaomi 14 Pro Bundle,"Leica optics, Snapdragon 8 Gen 3, 6.73-inch LTPO. Comes with extra accessories and extended care.",937,34,Phones,"https://loremflickr.com/600/600/xiaomi,smartphone,android/all?lock=80",false
Wayfarer Sunglasses Bundle,"Acetate frame, classic wayfarer silhouette, polarized. Comes with extra accessories and extended care.",193,29,Fashion Accessories,"https://loremflickr.com/600/600/wayfarer,sunglasses/all?lock=379",false
Hoka Clifton 9,"Plush max-cushion daily trainer, light at 8.7oz.",157,38,Footwear,"https://loremflickr.com/600/600/hoka,running,sneakers/all?lock=347",false
The 7 Habits of Highly Effective People,Powerful lessons in personal change.,12,19,Books,"https://loremflickr.com/600/600/book,selfhelp/all?lock=521",false
Striped Long-Sleeve Henley (Refurbished),"Soft slub cotton, three-button placket, casual layering staple. Certified refurbished — same warranty, lower price.",53,32,Shirts,"https://loremflickr.com/600/600/henley,shirt,menswear/all?lock=267",false
Apple iPhone 14,"A15 Bionic, dual-lens 12MP, Crash Detection and Emergency SOS.",785,36,Phones,"https://loremflickr.com/600/600/iphone,apple,smartphone/all?lock=56",false
Ninja Foodi Air Fryer (Refurbished),"8-quart dual-zone air fryer with smart cook system. Certified refurbished — same warranty, lower price.",119,16,Home & Kitchen,"https://loremflickr.com/600/600/ninja,airfryer,kitchen/all?lock=391",false
Sapiens by Yuval Noah Harari,"A brief history of humankind, from the Stone Age to AI.",21,18,Books,"https://loremflickr.com/600/600/book,history/all?lock=499",false
Sony PlayStation 5 Slim,"Slimmer redesign, detachable disc drive, 1TB SSD.",477,4,Gaming,"https://loremflickr.com/600/600/playstation,ps5,console/all?lock=182",false
TRX Suspension Trainer,Full-body bodyweight trainer with door anchor.,157,116,Sports,"https://loremflickr.com/600/600/trx,fitness/all?lock=441",false
Manduka PRO Yoga Mat (Refurbished),"6mm dense cushion, lifetime guarantee. Certified refurbished — same warranty, lower price.",103,43,Sports,"https://loremflickr.com/600/600/manduka,yogamat,yoga/all?lock=428",false
Meta Quest 3,Mixed reality headset with full-color passthrough.,626,11,Gaming,"https://loremflickr.com/600/600/meta,quest,vr/all?lock=199",false
Striped Long-Sleeve Henley,"Soft slub cotton, three-button placket, casual layering staple.",69,45,Shirts,"https://loremflickr.com/600/600/henley,shirt,menswear/all?lock=265",false
Asus ROG Zephyrus G14,"Compact 14-inch gaming laptop, Ryzen 9, RTX 4070, AniMe Matrix lid.",2178,181,Laptops,"https://loremflickr.com/600/600/asus,rog,gaming,laptop/all?lock=32",false
New Balance 990v6,"Made in USA classic, ENCAP midsole, premium pigskin suede.",207,47,Footwear,"https://loremflickr.com/600/600/newbalance,990,sneakers/all?lock=337",false
Educated by Tara Westover Bundle,"A memoir about family, transformation, and the power of education. Comes with extra accessories and extended care.",20,53,Books,"https://loremflickr.com/600/600/book,memoir/all?lock=511",false
DJI Air 3,"Dual-camera drone, 46-min flight, O4 transmission.",1237,9,Cameras,"https://loremflickr.com/600/600/dji,drone/all?lock=179",false
Leather Biker Jacket (Refurbished),"Full-grain lambskin, asymmetric zipper, quilted lining. Certified refurbished — same warranty, lower price.",255,35,Outerwear,"https://loremflickr.com/600/600/leatherjacket,jacket/all?lock=311",false
Acer Swift Go 14,Thin-and-light OLED laptop with Intel Core Ultra and AI Engine.,1097,31,Laptops,"https://loremflickr.com/600/600/acer,swift,laptop/all?lock=35",false
Slim Fit Stretch Jeans,"10oz stretch denim, slim through thigh, tapered leg.",69,10,Pants,"https://loremflickr.com/600/600/jeans,denim,menswear/all?lock=283",false
Nothing Phone 2 (Refurbished),"Iconic Glyph interface, Snapdragon 8+ Gen 1, transparent design. Certified refurbished — same warranty, lower price.",573,55,Phones,"https://loremflickr.com/600/600/nothing,phone,android/all?lock=82",false
Squishmallow 12-inch Plush,"Soft and squishy plush toy, collectible.",27,1,Toys,"https://loremflickr.com/600/600/squishmallow,plush/all?lock=551",false
Nespresso Vertuo Plus (Refurbished),"Single-touch brewer, five cup sizes, Centrifusion tech. Certified refurbished — same warranty, lower price.",153,24,Home & Kitchen,"https://loremflickr.com/600/600/nespresso,coffee,kitchen/all?lock=396",false
Asus ZenBook 14 OLED,"Slim ultrabook, Core i7, 14-inch OLED, military-grade durability.",905,43,Laptops,"https://loremflickr.com/600/600/asus,zenbook,laptop/all?lock=30",true
Project Hail Mary by Andy Weir,Lone astronaut must save humanity in this gripping sci-fi adventure.,17,37,Books,"https://loremflickr.com/600/600/book,fiction/all?lock=512",false
Apple AirPods Max,"Over-ear, computational audio, premium stainless steel frame.",583,48,Audio,"https://loremflickr.com/600/600/airpods,headphones/all?lock=111",false
Osprey Atmos AG 65 Backpack,"Anti-Gravity suspension backpacking pack, 65L.",306,36,Sports,"https://loremflickr.com/600/600/osprey,backpack,hiking/all?lock=450",false
Garmin Fenix 7 (Refurbished),"Premium multisport GPS watch, solar charging, MIP display. Certified refurbished — same warranty, lower price.",660,7,Wearables,"https://loremflickr.com/600/600/garmin,watch,fitness/all?lock=146",false
Apple Watch Ultra 2 Bundle,"Rugged titanium case, dual-frequency GPS, action button. Comes with extra accessories and extended care.",956,6,Wearables,"https://loremflickr.com/600/600/apple,watch,smartwatch/all?lock=139",false
Nanoleaf Shapes Hexagons,"Modular touch-reactive light panels, 16M colors.",203,4,Smart Home,"https://loremflickr.com/600/600/nanoleaf,led,smartlight/all?lock=252",false
Nikon Z f (Refurbished),"Retro-styled full-frame mirrorless with classic dials. Certified refurbished — same warranty, lower price.",1862,50,Cameras,"https://loremflickr.com/600/600/nikon,camera,mirrorless/all?lock=167",false
Selvedge Raw Denim Jeans Bundle,"14oz Japanese selvedge denim, button-fly, indigo dye. Comes with extra accessories and extended care.",238,22,Pants,"https://loremflickr.com/600/600/denim,jeans/all?lock=286",false
Nikon Z f Bundle,Retro-styled full-frame mirrorless with classic dials. Comes with extra accessories and extended care.,2746,41,Cameras,"https://loremflickr.com/600/600/nikon,camera,mirrorless/all?lock=166",false
Beats Studio Pro,"Personalized Spatial Audio, USB-C lossless, 40-hour battery.",299,1,Audio,"https://loremflickr.com/600/600/beats,headphones/all?lock=123",false
Wilson Pro Staff Tennis Racket,"Player's racquet, 97 sq in head, classic feel.",239,33,Sports,"https://loremflickr.com/600/600/tennisracket,tennis/all?lock=442",false
Sony Xperia 1 V (Refurbished),"Pro-grade camera, 6.5-inch 4K OLED, Snapdragon 8 Gen 2. Certified refurbished — same warranty, lower price.",1113,6,Phones,"https://loremflickr.com/600/600/sony,xperia,smartphone/all?lock=84",false
Insta360 X4 Bundle,8K 360-degree camera with invisible selfie-stick effect. Comes with extra accessories and extended care.,673,43,Cameras,"https://loremflickr.com/600/600/insta360,camera,action/all?lock=181",false
Dell XPS 13 Plus,"Intel Core Ultra 7, 16GB LPDDR5, 13.4-inch OLED touchscreen, machined aluminum.",1346,14,Laptops,"https://loremflickr.com/600/600/dell,xps,laptop/all?lock=7",false
Razer DeathAdder V3 Pro,"Ultralight 64g esports mouse, 30k DPI Focus Pro sensor.",164,25,Gaming,"https://loremflickr.com/600/600/razer,mouse,gaming/all?lock=203",false
Black Skinny Jeans Bundle,"Power-stretch black denim, mid-rise, slim through leg. Comes with extra accessories and extended care.",77,8,Pants,"https://loremflickr.com/600/600/skinny,jeans,denim/all?lock=300",false
Asus ROG Ally Bundle,Windows handheld with Ryzen Z1 Extreme and 120Hz display. Comes with extra accessories and extended care.,842,3,Gaming,"https://loremflickr.com/600/600/asus,rog,handheld,gaming/all?lock=197",false
The Psychology of Money,"Timeless lessons on wealth, greed, and happiness.",20,116,Books,"https://loremflickr.com/600/600/book,finance/all?lock=496",false
Classic Oxford Button-Down Shirt Bundle,"Pure cotton oxford weave, button-down collar, structured fit. Comes with extra accessories and extended care.",81,50,Shirts,"https://loremflickr.com/600/600/oxford,shirt,menswear/all?lock=263",false
Apple iPad 10,"A14 Bionic, 10.9-inch Liquid Retina, USB-C, vivid colors.",507,11,Tablets,"https://loremflickr.com/600/600/ipad,apple,tablet/all?lock=97",false
Tom Ford Tobacco Vanille EDP 50ml,Iconic men's fragrance with tobacco and vanilla notes.,231,101,Beauty,"https://loremflickr.com/600/600/tomford,perfume/all?lock=489",false
Why We Sleep by Matthew Walker,Unlocking the power of sleep and dreams.,22,5,Books,"https://loremflickr.com/600/600/book,health/all?lock=518",true
Sapiens by Yuval Noah Harari (Refurbished),"A brief history of humankind, from the Stone Age to AI. Certified refurbished — same warranty, lower price.",16,22,Books,"https://loremflickr.com/600/600/book,history/all?lock=500",false
Lenovo ThinkPad T14,"Durable enterprise laptop, MIL-STD tested, AMD Ryzen 7 Pro, 16GB RAM.",1273,38,Laptops,"https://loremflickr.com/600/600/thinkpad,lenovo,business,laptop/all?lock=16",false
Sony ZV-1 II (Refurbished),"Vlog camera with wide 18-50mm lens and forward-facing mic. Certified refurbished — same warranty, lower price.",843,29,Cameras,"https://loremflickr.com/600/600/sony,camera,vlog/all?lock=159",false
Dyson V15 Detect Bundle,"Laser-illuminated cordless vacuum, particle sensor. Comes with extra accessories and extended care.",915,4,Home & Kitchen,"https://loremflickr.com/600/600/dyson,vacuum/all?lock=420",false
Razer Kiyo Pro Ultra Bundle,"Largest 4K Sony sensor for webcam, ultra-wide aperture. Comes with extra accessories and extended care.",303,27,Accessories,"https://loremflickr.com/600/600/razer,webcam/all?lock=241",false
Amazon Echo Show 10,10.1-inch HD screen that follows you with motion.,229,2,Smart Home,"https://loremflickr.com/600/600/echo,alexa,smarthome/all?lock=245",false
Hooded Rain Shell,"Waterproof breathable shell, taped seams, packable hood.",139,0,Outerwear,"https://loremflickr.com/600/600/rainjacket,jacket/all?lock=314",false
Sony Alpha A7 IV,"33MP full-frame mirrorless, 4K 60p, hybrid autofocus.",2660,27,Cameras,"https://loremflickr.com/600/600/sony,camera,mirrorless/all?lock=156",false
Braun Series 9 Pro Shaver,"ProLift trimmer, 5 synchronized shaving elements.",376,12,Beauty,"https://loremflickr.com/600/600/braun,shaver,grooming/all?lock=485",false
Yeti Tundra 45 Cooler,"Rotomolded ice chest, bear-resistant, lifetime construction.",346,44,Sports,"https://loremflickr.com/600/600/yeti,cooler,outdoor/all?lock=457",false
Blue Yeti X Bundle,"Pro-level USB mic with 4-capsule array, LED meter. Comes with extra accessories and extended care.",210,55,Accessories,"https://loremflickr.com/600/600/blue,yeti,microphone/all?lock=236",false
Microsoft Xbox Series S,"All-digital next-gen console, 1440p performance.",301,14,Gaming,"https://loremflickr.com/600/600/xbox,console,gaming/all?lock=188",true
Birkenstock Arizona Sandals,"Two-strap cork footbed sandal, adjustable buckles.",131,89,Footwear,"https://loremflickr.com/600/600/birkenstock,sandals/all?lock=364",false
Chambray Workshirt,Heritage-inspired workshirt with two flap pockets.,59,50,Shirts,"https://loremflickr.com/600/600/chambray,shirt,menswear/all?lock=281",false
Lenovo Tab P12,"12.7-inch 3K LCD display, quad JBL speakers, Precision Pen 3.",490,4,Tablets,"https://loremflickr.com/600/600/lenovo,tablet,android/all?lock=104",false
Asus ROG Ally (Refurbished),"Windows handheld with Ryzen Z1 Extreme and 120Hz display. Certified refurbished — same warranty, lower price.",571,14,Gaming,"https://loremflickr.com/600/600/asus,rog,handheld,gaming/all?lock=198",false
Play-Doh Modeling Compound 24-Pack Bundle,Two-dozen 3-oz cans of classic Play-Doh. Comes with extra accessories and extended care.,24,12,Toys,"https://loremflickr.com/600/600/playdoh,toy/all?lock=545",false
Sony WH-1000XM5,"Industry-leading noise cancellation, 30-hour battery, lightweight design.",354,138,Audio,"https://loremflickr.com/600/600/sony,headphones/all?lock=114",false
Tapered Joggers (Refurbished),"French terry cotton, elastic waist, ribbed cuffs. Certified refurbished — same warranty, lower price.",49,18,Pants,"https://loremflickr.com/600/600/joggers,pants,athletic/all?lock=292",false
Why We Sleep by Matthew Walker Bundle,Unlocking the power of sleep and dreams. Comes with extra accessories and extended care.,25,25,Books,"https://loremflickr.com/600/600/book,health/all?lock=519",false
Why We Sleep by Matthew Walker (Refurbished),"Unlocking the power of sleep and dreams. Certified refurbished — same warranty, lower price.",17,29,Books,"https://loremflickr.com/600/600/book,health/all?lock=520",false
Elgato Wave 3 USB Mic Bundle,Premium broadcast mic with Clipguard and Wave Link. Comes with extra accessories and extended care.,186,47,Accessories,"https://loremflickr.com/600/600/elgato,microphone/all?lock=233",false
Bowflex SelectTech 552 Dumbbells (Refurbished),"Pair of adjustable dumbbells, 5-52.5 lbs each. Certified refurbished — same warranty, lower price.",399,27,Sports,"https://loremflickr.com/600/600/dumbbells,fitness/all?lock=430",false
"Thinking, Fast and Slow",Daniel Kahneman's tour of the mind's two systems.,21,13,Books,"https://loremflickr.com/600/600/book,psychology/all?lock=502",false
Ticket to Ride Board Game,Cross-country train adventure for 2-5 players.,56,44,Toys,https://loremflickr.com/600/600/boardgame/all?lock=531,false
Wool Beanie,"Soft merino wool, ribbed knit, fold-over cuff.",44,7,Fashion Accessories,"https://loremflickr.com/600/600/beanie,hat/all?lock=380",false
Framework Laptop 13 Bundle,"Modular, repairable laptop with swappable ports. Built to last. Comes with extra accessories and extended care.",1384,46,Laptops,"https://loremflickr.com/600/600/framework,laptop,modular/all?lock=45",false
Wayfarer Sunglasses,"Acetate frame, classic wayfarer silhouette, polarized.",168,112,Fashion Accessories,"https://loremflickr.com/600/600/wayfarer,sunglasses/all?lock=377",false
LEGO Creator Botanical Collection Bundle,Build a buildable bouquet for the home. Comes with extra accessories and extended care.,94,2,Toys,"https://loremflickr.com/600/600/lego,flowers,toy/all?lock=527",false
Apple Watch SE Bundle,Essential Apple Watch experience at a great value. Comes with extra accessories and extended care.,356,41,Wearables,"https://loremflickr.com/600/600/apple,watch,smartwatch/all?lock=141",false
Garmin Forerunner 265,AMOLED running watch with training-readiness insights.,451,69,Wearables,"https://loremflickr.com/600/600/garmin,watch,fitness/all?lock=148",false
Tech Performance Pants Bundle,"4-way stretch, water-repellent, hidden zip pocket. Comes with extra accessories and extended care.",111,49,Pants,"https://loremflickr.com/600/600/tech,pants,athletic/all?lock=296",false
Elgato Stream Deck MK.2,15 customizable LCD keys for streamers and creators.,178,27,Gaming,"https://loremflickr.com/600/600/elgato,streamdeck/all?lock=209",false
The Ordinary Niacinamide 10% Bundle,Reduces appearance of blemishes and congestion. Comes with extra accessories and extended care.,9,36,Beauty,"https://loremflickr.com/600/600/serum,skincare/all?lock=469",false
Fitbit Charge 6 Bundle,"Heart rate, ECG, EDA, Google Maps and YouTube Music. Comes with extra accessories and extended care.",197,10,Wearables,"https://loremflickr.com/600/600/fitbit,tracker,fitness/all?lock=151",false
Coleman Sundome 4-Person Tent,Easy-setup family camping tent with weatherproof flooring.,102,0,Sports,"https://loremflickr.com/600/600/tent,camping/all?lock=454",false
Google Pixel 8 Pro Bundle,"Tensor G3, 6.7-inch Super Actua display, computational photography. Comes with extra accessories and extended care.",1090,36,Phones,"https://loremflickr.com/600/600/pixel,google,smartphone/all?lock=68",false
Classic Oxford Button-Down Shirt,"Pure cotton oxford weave, button-down collar, structured fit.",71,16,Shirts,"https://loremflickr.com/600/600/oxford,shirt,menswear/all?lock=262",true
Samsung Galaxy A55,"Mid-range hero, 6.6-inch Super AMOLED, 50MP OIS camera.",570,15,Phones,"https://loremflickr.com/600/600/samsung,galaxy,android/all?lock=64",true
UGREEN 9-in-1 USB-C Hub Bundle,"HDMI 4K, Ethernet, SD/microSD, 3x USB 3.0. Comes with extra accessories and extended care.",82,51,Accessories,"https://loremflickr.com/600/600/usb,hub,adapter/all?lock=226",false
Whoop 4.0,"Recovery-focused band, continuous biometric monitoring.",277,78,Wearables,"https://loremflickr.com/600/600/whoop,tracker,fitness/all?lock=152",false
Dyson Supersonic Hair Dryer,"Intelligent heat control, faster drying, three attachments.",411,2,Beauty,"https://loremflickr.com/600/600/dyson,hairdryer/all?lock=478",false
Motorola Edge 40 (Refurbished),"Curved 6.55-inch pOLED, 144Hz, MediaTek Dimensity 8020. Certified refurbished — same warranty, lower price.",483,18,Phones,"https://loremflickr.com/600/600/motorola,android,smartphone/all?lock=87",false
Vintage Graphic T-Shirt,"Soft-hand vintage print, ringspun cotton, retro fit.",29,37,Shirts,"https://loremflickr.com/600/600/graphictshirt,tshirt/all?lock=275",false
Samsung Galaxy S24+,"6.7-inch QHD+ AMOLED, Snapdragon 8 Gen 3, 50MP triple camera.",1042,0,Phones,"https://loremflickr.com/600/600/samsung,galaxy,smartphone/all?lock=62",false
Beats Studio Pro (Refurbished),"Personalized Spatial Audio, USB-C lossless, 40-hour battery. Certified refurbished — same warranty, lower price.",233,21,Audio,"https://loremflickr.com/600/600/beats,headphones/all?lock=124",false
Fujifilm X-T5 (Refurbished),"40MP X-Trans, classic dials, 6.2K video, in-body stabilization. Certified refurbished — same warranty, lower price.",1513,17,Cameras,"https://loremflickr.com/600/600/fujifilm,camera,mirrorless/all?lock=171",false
Dr Martens 1460 Boots,Iconic 8-eye lace-up leather boot with air-cushion sole.,193,14,Footwear,"https://loremflickr.com/600/600/docmartens,boots/all?lock=356",false
Denim Trucker Jacket (Refurbished),"Classic trucker silhouette, two chest pockets, button-front. Certified refurbished — same warranty, lower price.",99,21,Outerwear,"https://loremflickr.com/600/600/denimjacket,denim/all?lock=313",false
Sony WF-1000XM5 Bundle,"Integrated Processor V2, best-in-class ANC, AI noise reduction calls. Comes with extra accessories and extended care.",296,40,Audio,"https://loremflickr.com/600/600/sony,earbuds/all?lock=116",false
Tech Performance Pants,"4-way stretch, water-repellent, hidden zip pocket.",97,22,Pants,"https://loremflickr.com/600/600/tech,pants,athletic/all?lock=295",false
Microsoft Surface Pro 9 Bundle,2-in-1 tablet/laptop with detachable keyboard and Surface Pen support. Comes with extra accessories and extended care.,1777,32,Laptops,"https://loremflickr.com/600/600/surface,tablet,laptop/all?lock=41",false
Amazon Echo Dot 5 Bundle,"Improved sound, temperature sensor, eero mesh extender. Comes with extra accessories and extended care.",65,8,Smart Home,"https://loremflickr.com/600/600/echo,alexa,smarthome/all?lock=243",false
Nike Strike Soccer Ball,"Aerowsculpt grooves for true flight, machine-stitched.",31,49,Sports,"https://loremflickr.com/600/600/soccer,sports/all?lock=445",false
Lenovo ThinkPad X1 Carbon,"Business ultrabook with carbon-fiber chassis, Core i7, 14-inch 2.8K OLED.",1683,11,Laptops,"https://loremflickr.com/600/600/thinkpad,lenovo,laptop/all?lock=14",false
JBL Flip 6,"Portable Bluetooth speaker, IP67 waterproof, 12-hour playtime.",118,199,Audio,"https://loremflickr.com/600/600/jbl,speaker,bluetooth/all?lock=125",false
Arlo Pro 5S 2K (Refurbished),"Wireless 2K security camera, color night vision. Certified refurbished — same warranty, lower price.",183,27,Smart Home,"https://loremflickr.com/600/600/arlo,camera,smarthome/all?lock=257",false
Microsoft Surface Pro 9 (Refurbished),"13-inch PixelSense, Intel Core i5/i7, detachable keyboard. Certified refurbished — same warranty, lower price.",1099,23,Tablets,"https://loremflickr.com/600/600/surface,tablet,microsoft/all?lock=103",false
Acer Swift Go 14 (Refurbished),"Thin-and-light OLED laptop with Intel Core Ultra and AI Engine. Certified refurbished — same warranty, lower price.",855,6,Laptops,"https://loremflickr.com/600/600/acer,swift,laptop/all?lock=37",false
Hawaiian Camp Shirt (Refurbished),"Open camp collar, tropical print, lightweight rayon. Certified refurbished — same warranty, lower price.",39,3,Shirts,"https://loremflickr.com/600/600/hawaiian,shirt,menswear/all?lock=280",false
Linen Beach Shirt,"100% European linen, breathable, perfect for warm weather.",97,41,Shirts,"https://loremflickr.com/600/600/linen,shirt,menswear/all?lock=273",false
Acer Swift Go 14 Bundle,Thin-and-light OLED laptop with Intel Core Ultra and AI Engine. Comes with extra accessories and extended care.,1261,14,Laptops,"https://loremflickr.com/600/600/acer,swift,laptop/all?lock=36",false
Razer Blade 15,"Premium gaming laptop, RTX 4070, 240Hz QHD, CNC-aluminum unibody.",2324,37,Laptops,"https://loremflickr.com/600/600/razer,blade,gaming,laptop/all?lock=42",false
LG Gram 17 Bundle,"Lightest 17-inch laptop at under 3 lbs, all-day battery, Core i7. Comes with extra accessories and extended care.",1761,41,Laptops,"https://loremflickr.com/600/600/lg,gram,laptop/all?lock=48",false
CeraVe Hydrating Cleanser,Gentle non-foaming cleanser with hyaluronic acid and ceramides.,21,159,Beauty,"https://loremflickr.com/600/600/cerave,skincare/all?lock=465",false
OXO Good Grips Knife Set,8-piece knife block set with German stainless blades.,116,97,Home & Kitchen,"https://loremflickr.com/600/600/knifeset,kitchen/all?lock=407",false
Bowflex SelectTech 552 Dumbbells Bundle,"Pair of adjustable dumbbells, 5-52.5 lbs each. Comes with extra accessories and extended care.",588,48,Sports,"https://loremflickr.com/600/600/dumbbells,fitness/all?lock=431",false
Samsung Galaxy Watch 6 (Refurbished),"Sapphire crystal, BioActive sensor, sleep coaching. Certified refurbished — same warranty, lower price.",289,45,Wearables,"https://loremflickr.com/600/600/samsung,watch,smartwatch/all?lock=143",false
WD My Passport 4TB,"Reliable portable USB-C HDD, password protection.",122,47,Accessories,"https://loremflickr.com/600/600/westerndigital,harddrive/all?lock=231",false
Lenovo Yoga 9i (Refurbished),"2-in-1 convertible with rotating soundbar hinge and 14-inch OLED. Certified refurbished — same warranty, lower price.",893,26,Laptops,"https://loremflickr.com/600/600/lenovo,yoga,laptop/all?lock=22",false
The Body Keeps the Score (Refurbished),"Brain, mind, and body in the healing of trauma. Certified refurbished — same warranty, lower price.",11,3,Books,"https://loremflickr.com/600/600/book,psychology/all?lock=517",false
Razer Huntsman V3 Pro,Analog optical switches with rapid trigger.,237,31,Gaming,"https://loremflickr.com/600/600/razer,keyboard,gaming/all?lock=206",false
Spalding TF-1000 Basketball Bundle,"Indoor composite leather basketball, NFHS approved. Comes with extra accessories and extended care.",73,30,Sports,"https://loremflickr.com/600/600/basketball,sports/all?lock=444",false
Adidas Samba OG Bundle,"Heritage indoor soccer shoe, gum sole, T-toe overlay. Comes with extra accessories and extended care.",144,17,Footwear,"https://loremflickr.com/600/600/adidas,samba,sneakers/all?lock=333",false
Google Pixel 8 Bundle,"Best-in-class camera, Tensor G3, 7 years of OS updates. Comes with extra accessories and extended care.",726,36,Phones,"https://loremflickr.com/600/600/pixel,google,smartphone/all?lock=71",false
Nintendo Switch OLED (Refurbished),"7-inch vibrant OLED screen, enhanced audio, 64GB storage. Certified refurbished — same warranty, lower price.",282,18,Gaming,"https://loremflickr.com/600/600/nintendo,switch,console/all?lock=192",false
Play-Doh Modeling Compound 24-Pack,Two-dozen 3-oz cans of classic Play-Doh.,21,108,Toys,"https://loremflickr.com/600/600/playdoh,toy/all?lock=544",false
Apple AirPods Max Bundle,"Over-ear, computational audio, premium stainless steel frame. Comes with extra accessories and extended care.",670,16,Audio,"https://loremflickr.com/600/600/airpods,headphones/all?lock=112",false
Leather Briefcase,Full-grain leather briefcase with padded 15-inch laptop slot.,261,50,Fashion Accessories,"https://loremflickr.com/600/600/briefcase,bag/all?lock=374",false
Dell Inspiron 15 Bundle,"Reliable everyday laptop with Core i5, 8GB RAM, 512GB SSD. Comes with extra accessories and extended care.",809,21,Laptops,"https://loremflickr.com/600/600/dell,inspiron,laptop/all?lock=12",false
Concept2 RowErg,"Gold-standard indoor rower, PM5 monitor.",960,65,Sports,"https://loremflickr.com/600/600/rowing,rower,fitness/all?lock=433",false
